record_id,candidate,design_dimension,claim_id,included_after_human_review
run_f320e51e82599883,Fe-Co-Ni-Cu-Zn,pba_structural_compatibility,claim_fdc40e24a8cb3f49,True
run_f320e51e82599883,Fe-Co-Ni-Cu-Zn,uor_activity,claim_b18e969f5a391452,True
run_f320e51e82599883,Fe-Co-Ni-Cu-Zn,alkaline_stability_corrosion,claim_544620f0db34e891,True
run_f320e51e82599883,Fe-Co-Ni-Cu-Zn,uor_activity,claim_a59751a1e6532733,True
run_f320e51e82599883,Fe-Co-Ni-Cu-Zn,substitution_and_synergy,claim_5b8a865395757c57,True
run_f320e51e82599883,Fe-Co-Ni-Cu-Zn,uor_activity,claim_cafbd1d4758ec6cc,True
run_f320e51e82599883,Fe-Co-Ni-Cu-Zn,substitution_and_synergy,claim_6d7858099c69720f,True
run_f320e51e82599883,Fe-Co-Ni-Cu-Zn,uor_activity,claim_e15f2c2c7aab9dec,True
run_f320e51e82599883,Fe-Co-Ni-Cu-Zn,uor_activity,claim_e5ef302aa8bfde2a,True
run_f320e51e82599883,Fe-Co-Ni-Cu-Zn,pba_structural_compatibility,claim_f32d66cc9d7e0b3d,True
run_f320e51e82599883,Fe-Co-Ni-Cu-Zn,cost_environment,claim_1da4f6a29bb390bd,True
run_f320e51e82599883,Fe-Co-Ni-Cu-Zn,pba_structural_compatibility,claim_d66cdca9c4d6960f,True
run_f320e51e82599883,Fe-Co-Ni-Cu-Zn,alkaline_stability_corrosion,claim_9013d1c8d8a66570,True
run_f320e51e82599883,Fe-Co-Ni-Cu-Zn,substitution_and_synergy,claim_47b5c329aec5af63,True
run_f320e51e82599883,Fe-Co-Ni-Cu-Zn,uor_activity,claim_409d6edea91689f1,True
run_f320e51e82599883,Fe-Co-Ni-Cu-Zn,alkaline_stability_corrosion,claim_6ebb4ec58825065d,True
run_f320e51e82599883,Fe-Co-Ni-Cu-Zn,wet_chemical_synthesis,claim_e511d0a6288a07bd,True
run_e78a48b951b2ee6e,Fe-Co-Ni-Cu-Zn,uor_activity,claim_51bc9206c58a26c2,True
run_e78a48b951b2ee6e,Fe-Co-Ni-Cu-Zn,pba_structural_compatibility,claim_30571cd0081f4aa3,True
run_e78a48b951b2ee6e,Fe-Co-Ni-Cu-Zn,substitution_and_synergy,claim_59b45877815798b4,True
run_e78a48b951b2ee6e,Fe-Co-Ni-Cu-Zn,pba_structural_compatibility,claim_613826396204057a,True
run_e78a48b951b2ee6e,Fe-Co-Ni-Cu-Zn,uor_activity,claim_40764b0b7184633f,True
run_e78a48b951b2ee6e,Fe-Co-Ni-Cu-Zn,uor_activity,claim_4b6dfe97beaca439,True
run_e78a48b951b2ee6e,Fe-Co-Ni-Cu-Zn,uor_activity,claim_0db5a93e60816b6f,True
run_e78a48b951b2ee6e,Fe-Co-Ni-Cu-Zn,pba_structural_compatibility,claim_3cc03a0839a41edf,True
run_e78a48b951b2ee6e,Fe-Co-Ni-Cu-Zn,alkaline_stability_corrosion,claim_7e8343cf5e7d37c9,True
run_e78a48b951b2ee6e,Fe-Co-Ni-Cu-Zn,alkaline_stability_corrosion,claim_326e5eab302a7893,True
run_e78a48b951b2ee6e,Fe-Co-Ni-Cu-Zn,substitution_and_synergy,claim_72560f1af40b9575,True
run_e78a48b951b2ee6e,Fe-Co-Ni-Cu-Zn,alkaline_stability_corrosion,claim_70235c5b33694a5e,True
run_e78a48b951b2ee6e,Fe-Co-Ni-Cu-Zn,uor_activity,claim_52938e65cdb55207,True
run_e78a48b951b2ee6e,Fe-Co-Ni-Cu-Zn,pba_structural_compatibility,claim_7a675dae8db2804f,True
run_e78a48b951b2ee6e,Fe-Co-Ni-Cu-Zn,uor_activity,claim_54ac3806eaaca55c,True
run_e78a48b951b2ee6e,Fe-Co-Ni-Cu-Zn,wet_chemical_synthesis,claim_2ecade97a198b3cc,True
run_e031b877f070eb35,Fe-Co-Ni-Mn-Cu,pba_structural_compatibility,claim_0c6e0177cf4a1931,True
run_e031b877f070eb35,Fe-Co-Ni-Mn-Cu,substitution_and_synergy,claim_fc002f858f6fb2db,True
run_e031b877f070eb35,Fe-Co-Ni-Mn-Cu,uor_activity,claim_20b1fc2054c48112,True
run_e031b877f070eb35,Fe-Co-Ni-Mn-Cu,uor_activity,claim_f0103bb7d90b47ca,True
run_e031b877f070eb35,Fe-Co-Ni-Mn-Cu,uor_activity,claim_340ca893833e4a01,True
run_e031b877f070eb35,Fe-Co-Ni-Mn-Cu,uor_activity,claim_48579c10bb2e6433,True
run_e031b877f070eb35,Fe-Co-Ni-Mn-Cu,uor_activity,claim_60ff687600d5a964,True
run_e031b877f070eb35,Fe-Co-Ni-Mn-Cu,wet_chemical_synthesis,claim_5b0a6178c7c7eef7,True
run_e031b877f070eb35,Fe-Co-Ni-Mn-Cu,uor_activity,claim_96e92f5b1c5097d5,True
run_e031b877f070eb35,Fe-Co-Ni-Mn-Cu,pba_structural_compatibility,claim_b0a9d3269d795f48,True
run_e031b877f070eb35,Fe-Co-Ni-Mn-Cu,alkaline_stability_corrosion,claim_13ef5cb198178a94,True
run_e031b877f070eb35,Fe-Co-Ni-Mn-Cu,alkaline_stability_corrosion,claim_3c0cf5f0c6353c29,True
run_e031b877f070eb35,Fe-Co-Ni-Mn-Cu,wet_chemical_synthesis,claim_7a4826bd31012e86,True
run_e031b877f070eb35,Fe-Co-Ni-Mn-Cu,substitution_and_synergy,claim_08d88c049f97999a,True
run_ed4997cc40ec46a3,Fe-Co-Ni-Mn-Cu,alkaline_stability_corrosion,claim_d7cbe34da80e5bcb,True
run_ed4997cc40ec46a3,Fe-Co-Ni-Mn-Cu,uor_activity,claim_a07b96470c2aaeeb,True
run_ed4997cc40ec46a3,Fe-Co-Ni-Mn-Cu,uor_activity,claim_d8081198bc12ae63,True
run_ed4997cc40ec46a3,Fe-Co-Ni-Mn-Cu,substitution_and_synergy,claim_ffcb198b2a22f861,True
run_ed4997cc40ec46a3,Fe-Co-Ni-Mn-Cu,uor_activity,claim_2f80774b82152196,True
run_ed4997cc40ec46a3,Fe-Co-Ni-Mn-Cu,pba_structural_compatibility,claim_540c7f3867e78874,True
run_ed4997cc40ec46a3,Fe-Co-Ni-Mn-Cu,uor_activity,claim_fa8049ee17647a3e,True
run_ed4997cc40ec46a3,Fe-Co-Ni-Mn-Cu,alkaline_stability_corrosion,claim_f01caebcbc65834c,True
run_ed4997cc40ec46a3,Fe-Co-Ni-Mn-Cu,alkaline_stability_corrosion,claim_ba46bad3bffebafd,True
run_ed4997cc40ec46a3,Fe-Co-Ni-Mn-Cu,uor_activity,claim_5a324cc66b29d428,True
run_ed4997cc40ec46a3,Fe-Co-Ni-Mn-Cu,uor_activity,claim_281a60a33dcabdb6,True
run_ed4997cc40ec46a3,Fe-Co-Ni-Mn-Cu,pba_structural_compatibility,claim_01d777964725bd44,True
run_ed4997cc40ec46a3,Fe-Co-Ni-Mn-Cu,wet_chemical_synthesis,claim_c66aa70a2d3ddb7c,True
run_ed4997cc40ec46a3,Fe-Co-Ni-Mn-Cu,alkaline_stability_corrosion,claim_c7ca4b8fccfa84fb,True
run_4c59c2c3497dce9e,Fe-Co-Ni-Mn-Cu,uor_activity,claim_8cdf6eb463b4a5ff,True
run_4c59c2c3497dce9e,Fe-Co-Ni-Mn-Cu,uor_activity,claim_c2eb12efa093a234,True
run_4c59c2c3497dce9e,Fe-Co-Ni-Mn-Cu,substitution_and_synergy,claim_a2ae853c58733a5e,True
run_4c59c2c3497dce9e,Fe-Co-Ni-Mn-Cu,uor_activity,claim_2d4cb500e13bfa59,True
run_4c59c2c3497dce9e,Fe-Co-Ni-Mn-Cu,wet_chemical_synthesis,claim_a72dbd4c47fdd2e3,True
run_4c59c2c3497dce9e,Fe-Co-Ni-Mn-Cu,substitution_and_synergy,claim_9e3477d34276b41b,True
run_4c59c2c3497dce9e,Fe-Co-Ni-Mn-Cu,pba_structural_compatibility,claim_645d36b11dc531f1,True
run_4c59c2c3497dce9e,Fe-Co-Ni-Mn-Cu,uor_activity,claim_f9bf81b288ab5861,True
run_4c59c2c3497dce9e,Fe-Co-Ni-Mn-Cu,uor_activity,claim_5acc02c1317b60ec,True
run_4c59c2c3497dce9e,Fe-Co-Ni-Mn-Cu,alkaline_stability_corrosion,claim_f8a385fb7cfb0b48,True
run_4c59c2c3497dce9e,Fe-Co-Ni-Mn-Cu,wet_chemical_synthesis,claim_3a06798d782bfba3,True
run_4c59c2c3497dce9e,Fe-Co-Ni-Mn-Cu,wet_chemical_synthesis,claim_c559ef73b43703ea,True
run_4c59c2c3497dce9e,Fe-Co-Ni-Mn-Cu,pba_structural_compatibility,claim_2b692213ca556b5a,True
run_4c59c2c3497dce9e,Fe-Co-Ni-Mn-Cu,substitution_and_synergy,claim_e4fba4e044847088,True
run_777dbcb559ff5378,Fe-Co-Ni-Mn-Zn,pba_structural_compatibility,claim_48e7227d8c0569ce,True
run_777dbcb559ff5378,Fe-Co-Ni-Mn-Zn,uor_activity,claim_e88f690676f89c57,True
run_777dbcb559ff5378,Fe-Co-Ni-Mn-Zn,substitution_and_synergy,claim_604d26f98da88a11,True
run_777dbcb559ff5378,Fe-Co-Ni-Mn-Zn,uor_activity,claim_4a155c989c59f13b,True
run_777dbcb559ff5378,Fe-Co-Ni-Mn-Zn,uor_activity,claim_afe686a21c380491,True
run_777dbcb559ff5378,Fe-Co-Ni-Mn-Zn,pba_structural_compatibility,claim_fda86bf7c636f089,True
run_777dbcb559ff5378,Fe-Co-Ni-Mn-Zn,alkaline_stability_corrosion,claim_65b55d712d92d4c6,True
run_777dbcb559ff5378,Fe-Co-Ni-Mn-Zn,substitution_and_synergy,claim_dd665317bc3f5f43,True
run_777dbcb559ff5378,Fe-Co-Ni-Mn-Zn,substitution_and_synergy,claim_34720439e1f47394,True
run_777dbcb559ff5378,Fe-Co-Ni-Mn-Zn,wet_chemical_synthesis,claim_022402de77263bad,True
run_777dbcb559ff5378,Fe-Co-Ni-Mn-Zn,pba_structural_compatibility,claim_8c0878be3807078c,True
run_777dbcb559ff5378,Fe-Co-Ni-Mn-Zn,alkaline_stability_corrosion,claim_cfd9a12434fcc3f4,True
run_777dbcb559ff5378,Fe-Co-Ni-Mn-Zn,uor_activity,claim_b7b8a302edbe7280,True
run_777dbcb559ff5378,Fe-Co-Ni-Mn-Zn,wet_chemical_synthesis,claim_5198f699f313aa21,True
run_5ca33401d63c3d35,Fe-Co-Ni-Mn-Zn,uor_activity,claim_df893ffe8e62e3a9,True
run_5ca33401d63c3d35,Fe-Co-Ni-Mn-Zn,substitution_and_synergy,claim_627edf75664adb81,True
run_5ca33401d63c3d35,Fe-Co-Ni-Mn-Zn,wet_chemical_synthesis,claim_a5f1037c19d33e71,True
run_5ca33401d63c3d35,Fe-Co-Ni-Mn-Zn,uor_activity,claim_1c52acaff994a448,True
run_5ca33401d63c3d35,Fe-Co-Ni-Mn-Zn,alkaline_stability_corrosion,claim_c7b9e02e2266ac76,True
run_5ca33401d63c3d35,Fe-Co-Ni-Mn-Zn,uor_activity,claim_542ae4a364ed7998,True
run_5ca33401d63c3d35,Fe-Co-Ni-Mn-Zn,substitution_and_synergy,claim_bfc36074d54b689a,True
run_5ca33401d63c3d35,Fe-Co-Ni-Mn-Zn,pba_structural_compatibility,claim_ec9ae835b11d1d51,True
run_5ca33401d63c3d35,Fe-Co-Ni-Mn-Zn,uor_activity,claim_56de2f5c88e4943d,True
run_5ca33401d63c3d35,Fe-Co-Ni-Mn-Zn,pba_structural_compatibility,claim_4bb1eb1ffa4a6abe,True
run_5ca33401d63c3d35,Fe-Co-Ni-Mn-Zn,alkaline_stability_corrosion,claim_264bab5512e3c30f,True
run_5ca33401d63c3d35,Fe-Co-Ni-Mn-Zn,pba_structural_compatibility,claim_2a081ff0130bde10,True
run_5ca33401d63c3d35,Fe-Co-Ni-Mn-Zn,alkaline_stability_corrosion,claim_5fceb986adb49520,True
run_5ca33401d63c3d35,Fe-Co-Ni-Mn-Zn,alkaline_stability_corrosion,claim_65c288ffc7a1348c,True
run_0b5d48cea00b1796,Fe-Co-Ni-Mn-Zn,pba_structural_compatibility,claim_37b3b23988477b82,True
run_0b5d48cea00b1796,Fe-Co-Ni-Mn-Zn,uor_activity,claim_c0dbba3e001d2ccc,True
run_0b5d48cea00b1796,Fe-Co-Ni-Mn-Zn,uor_activity,claim_1820bb80bcbd613b,True
run_0b5d48cea00b1796,Fe-Co-Ni-Mn-Zn,uor_activity,claim_b6c79f5ecbdd9d03,True
run_0b5d48cea00b1796,Fe-Co-Ni-Mn-Zn,cost_environment,claim_99ea45580d6520b0,True
run_0b5d48cea00b1796,Fe-Co-Ni-Mn-Zn,alkaline_stability_corrosion,claim_79ad29ab8b8f2151,True
run_0b5d48cea00b1796,Fe-Co-Ni-Mn-Zn,uor_activity,claim_4799d1caee9499b0,True
run_0b5d48cea00b1796,Fe-Co-Ni-Mn-Zn,alkaline_stability_corrosion,claim_765230107dffd971,True
run_0b5d48cea00b1796,Fe-Co-Ni-Mn-Zn,pba_structural_compatibility,claim_f4da5b49e521a960,True
run_0b5d48cea00b1796,Fe-Co-Ni-Mn-Zn,uor_activity,claim_32342dee38379fba,True
run_0b5d48cea00b1796,Fe-Co-Ni-Mn-Zn,alkaline_stability_corrosion,claim_c1e9307bdd0cfe88,True
run_0b5d48cea00b1796,Fe-Co-Ni-Mn-Zn,wet_chemical_synthesis,claim_4ee35a17aa48f1e8,True
run_910853e06b9095bf,Fe-Co-Ni-Mn-Zn,uor_activity,claim_715e8f86287469c8,True
run_910853e06b9095bf,Fe-Co-Ni-Mn-Zn,uor_activity,claim_9dd0f5dee29ba9fd,True
run_910853e06b9095bf,Fe-Co-Ni-Mn-Zn,alkaline_stability_corrosion,claim_10ed61eae81812cf,True
run_910853e06b9095bf,Fe-Co-Ni-Mn-Zn,substitution_and_synergy,claim_f06528f85cb5832d,True
run_910853e06b9095bf,Fe-Co-Ni-Mn-Zn,alkaline_stability_corrosion,claim_2c1d07ea31d66db3,True
run_910853e06b9095bf,Fe-Co-Ni-Mn-Zn,pba_structural_compatibility,claim_7c3080059ff08fdc,True
run_910853e06b9095bf,Fe-Co-Ni-Mn-Zn,uor_activity,claim_e3aa2b18fa0574a7,True
run_910853e06b9095bf,Fe-Co-Ni-Mn-Zn,uor_activity,claim_c4d5910ad7cac4b0,True
run_910853e06b9095bf,Fe-Co-Ni-Mn-Zn,alkaline_stability_corrosion,claim_be193aec2086c330,True
run_910853e06b9095bf,Fe-Co-Ni-Mn-Zn,uor_activity,claim_5b76f157810030fe,True
run_910853e06b9095bf,Fe-Co-Ni-Mn-Zn,pba_structural_compatibility,claim_b04b477b351a2c65,True
run_910853e06b9095bf,Fe-Co-Ni-Mn-Zn,wet_chemical_synthesis,claim_6c88a4f8dd30bd98,True
run_910853e06b9095bf,Fe-Co-Ni-Mn-Zn,uor_activity,claim_87d702b490401eb0,True
run_e7c1abb4133eacd1,Fe-Ni-Mn-Cu-Zn,pba_structural_compatibility,claim_c2f56c1e79193d22,True
run_e7c1abb4133eacd1,Fe-Ni-Mn-Cu-Zn,alkaline_stability_corrosion,claim_dbb39faa7e1c97b0,True
run_e7c1abb4133eacd1,Fe-Ni-Mn-Cu-Zn,uor_activity,claim_5ac1fa338f052000,True
run_e7c1abb4133eacd1,Fe-Ni-Mn-Cu-Zn,uor_activity,claim_799c8b5b471ddfa4,True
run_e7c1abb4133eacd1,Fe-Ni-Mn-Cu-Zn,uor_activity,claim_5b83b84d71422ccd,True
run_e7c1abb4133eacd1,Fe-Ni-Mn-Cu-Zn,substitution_and_synergy,claim_fe468c8f027bc22a,True
run_e7c1abb4133eacd1,Fe-Ni-Mn-Cu-Zn,uor_activity,claim_ca56df616fccfbd1,True
run_e7c1abb4133eacd1,Fe-Ni-Mn-Cu-Zn,alkaline_stability_corrosion,claim_d45722eb1fecd37d,True
run_e7c1abb4133eacd1,Fe-Ni-Mn-Cu-Zn,alkaline_stability_corrosion,claim_a6715408122e16fe,True
run_e7c1abb4133eacd1,Fe-Ni-Mn-Cu-Zn,uor_activity,claim_b5c53cb447a91bd6,True
run_e7c1abb4133eacd1,Fe-Ni-Mn-Cu-Zn,wet_chemical_synthesis,claim_ee68dd2e6037ab00,True
run_e7c1abb4133eacd1,Fe-Ni-Mn-Cu-Zn,cost_environment,claim_d842206d036d380f,True
run_dfe4e7ab7feb5520,Fe-Co-Ni-Mn-Zn,uor_activity,claim_3da8f2232b2af4d1,True
run_dfe4e7ab7feb5520,Fe-Co-Ni-Mn-Zn,uor_activity,claim_60d08ec2f1963727,True
run_dfe4e7ab7feb5520,Fe-Co-Ni-Mn-Zn,uor_activity,claim_9cdfe3bd5f10f7ab,True
run_dfe4e7ab7feb5520,Fe-Co-Ni-Mn-Zn,substitution_and_synergy,claim_81183003fc8738cc,True
run_dfe4e7ab7feb5520,Fe-Co-Ni-Mn-Zn,pba_structural_compatibility,claim_e219c9f241c81ec4,True
run_dfe4e7ab7feb5520,Fe-Co-Ni-Mn-Zn,alkaline_stability_corrosion,claim_566d6cc7293e34a9,True
run_dfe4e7ab7feb5520,Fe-Co-Ni-Mn-Zn,uor_activity,claim_94e72d652b30a16c,True
run_dfe4e7ab7feb5520,Fe-Co-Ni-Mn-Zn,pba_structural_compatibility,claim_0e42ca0e5ed3d1d4,True
run_dfe4e7ab7feb5520,Fe-Co-Ni-Mn-Zn,alkaline_stability_corrosion,claim_97fde6df30261ea4,True
run_dfe4e7ab7feb5520,Fe-Co-Ni-Mn-Zn,pba_structural_compatibility,claim_42b2ddf3b05c2d12,True
run_dfe4e7ab7feb5520,Fe-Co-Ni-Mn-Zn,uor_activity,claim_17805ea371062769,True
run_dfe4e7ab7feb5520,Fe-Co-Ni-Mn-Zn,wet_chemical_synthesis,claim_2aa967f5a98db7a2,True
run_ff292d61b6376df8,Fe-Co-Ni-Mn-Zn,uor_activity,claim_db7c4e35185ee7df,True
run_ff292d61b6376df8,Fe-Co-Ni-Mn-Zn,uor_activity,claim_2568099f2036d3a9,True
run_ff292d61b6376df8,Fe-Co-Ni-Mn-Zn,uor_activity,claim_adcca55b862f341f,True
run_ff292d61b6376df8,Fe-Co-Ni-Mn-Zn,substitution_and_synergy,claim_210aae1b673a745b,True
run_ff292d61b6376df8,Fe-Co-Ni-Mn-Zn,uor_activity,claim_66ed736f26747cd6,True
run_ff292d61b6376df8,Fe-Co-Ni-Mn-Zn,pba_structural_compatibility,claim_c3f61637a0a300f2,True
run_ff292d61b6376df8,Fe-Co-Ni-Mn-Zn,pba_structural_compatibility,claim_dbfd4c63ef4c3536,True
run_ff292d61b6376df8,Fe-Co-Ni-Mn-Zn,uor_activity,claim_54659a54da85a901,True
run_ff292d61b6376df8,Fe-Co-Ni-Mn-Zn,pba_structural_compatibility,claim_e3d81c81a394e809,True
run_ff292d61b6376df8,Fe-Co-Ni-Mn-Zn,alkaline_stability_corrosion,claim_5ed61b35a696b6fe,True
run_ff292d61b6376df8,Fe-Co-Ni-Mn-Zn,wet_chemical_synthesis,claim_eb08bdc26b4b235f,True
run_ff292d61b6376df8,Fe-Co-Ni-Mn-Zn,alkaline_stability_corrosion,claim_fcc8610462b6b72d,True
run_ff292d61b6376df8,Fe-Co-Ni-Mn-Zn,wet_chemical_synthesis,claim_863f1d7d4acd2a70,True
run_9750be7218796f0e,Fe-Co-Ni-Mn-Zn,uor_activity,claim_b274a36d0f6c936f,True
run_9750be7218796f0e,Fe-Co-Ni-Mn-Zn,uor_activity,claim_23fbf8e3d0db5e00,True
run_9750be7218796f0e,Fe-Co-Ni-Mn-Zn,uor_activity,claim_1745d3a30c68aa1a,True
run_9750be7218796f0e,Fe-Co-Ni-Mn-Zn,uor_activity,claim_a951353e0723c1a6,True
run_9750be7218796f0e,Fe-Co-Ni-Mn-Zn,pba_structural_compatibility,claim_00af6574b0fb2f86,True
run_9750be7218796f0e,Fe-Co-Ni-Mn-Zn,uor_activity,claim_3161b41b9f3acad1,True
run_9750be7218796f0e,Fe-Co-Ni-Mn-Zn,uor_activity,claim_462c0c24a331f846,True
run_9750be7218796f0e,Fe-Co-Ni-Mn-Zn,pba_structural_compatibility,claim_2f947e5a9ed84cab,True
run_9750be7218796f0e,Fe-Co-Ni-Mn-Zn,alkaline_stability_corrosion,claim_b968b781408b1170,True
run_9750be7218796f0e,Fe-Co-Ni-Mn-Zn,pba_structural_compatibility,claim_bc6822f94e38639a,True
run_9750be7218796f0e,Fe-Co-Ni-Mn-Zn,pba_structural_compatibility,claim_52a229b52e0752a2,True
run_9750be7218796f0e,Fe-Co-Ni-Mn-Zn,wet_chemical_synthesis,claim_4c060faf31662cd4,True
run_7fd29e5e06251830,Fe-Co-Ni-Mn-Zn,uor_activity,claim_93221f7aca433938,True
run_7fd29e5e06251830,Fe-Co-Ni-Mn-Zn,uor_activity,claim_ef905438452b106f,True
run_7fd29e5e06251830,Fe-Co-Ni-Mn-Zn,substitution_and_synergy,claim_5b8abb64d403e9f7,True
run_7fd29e5e06251830,Fe-Co-Ni-Mn-Zn,uor_activity,claim_32b4eeb4c9fd6f89,True
run_7fd29e5e06251830,Fe-Co-Ni-Mn-Zn,pba_structural_compatibility,claim_9bab9d9c4b18f613,True
run_7fd29e5e06251830,Fe-Co-Ni-Mn-Zn,uor_activity,claim_700479667a56db1c,True
run_7fd29e5e06251830,Fe-Co-Ni-Mn-Zn,alkaline_stability_corrosion,claim_0f90e14d2d06b205,True
run_7fd29e5e06251830,Fe-Co-Ni-Mn-Zn,alkaline_stability_corrosion,claim_17def306979e0b31,True
run_7fd29e5e06251830,Fe-Co-Ni-Mn-Zn,pba_structural_compatibility,claim_54e1eacf8b403d0d,True
run_7fd29e5e06251830,Fe-Co-Ni-Mn-Zn,alkaline_stability_corrosion,claim_904bb9198ef05e91,True
run_7fd29e5e06251830,Fe-Co-Ni-Mn-Zn,uor_activity,claim_69cc9680ffc19a4f,True
run_7fd29e5e06251830,Fe-Co-Ni-Mn-Zn,alkaline_stability_corrosion,claim_a4045c220736cbe7,True
run_7fd29e5e06251830,Fe-Co-Ni-Mn-Zn,wet_chemical_synthesis,claim_b7d43f0514d15d10,True
run_af7ea8733bc97d35,Fe-Co-Ni-Mn-Zn,uor_activity,claim_5c8c0a4d5e3ac1cd,True
run_af7ea8733bc97d35,Fe-Co-Ni-Mn-Zn,uor_activity,claim_f0765e96ea6af369,True
run_af7ea8733bc97d35,Fe-Co-Ni-Mn-Zn,substitution_and_synergy,claim_abf1c52eb26f5765,True
run_af7ea8733bc97d35,Fe-Co-Ni-Mn-Zn,uor_activity,claim_5a1efa9fdcab8f97,True
run_af7ea8733bc97d35,Fe-Co-Ni-Mn-Zn,pba_structural_compatibility,claim_c754a845a4a6de55,True
run_af7ea8733bc97d35,Fe-Co-Ni-Mn-Zn,alkaline_stability_corrosion,claim_8a8fc10e51d37afe,True
run_af7ea8733bc97d35,Fe-Co-Ni-Mn-Zn,pba_structural_compatibility,claim_ba6f1aff62f4328c,True
run_af7ea8733bc97d35,Fe-Co-Ni-Mn-Zn,wet_chemical_synthesis,claim_79db68f58a8c4fd4,True
run_af7ea8733bc97d35,Fe-Co-Ni-Mn-Zn,uor_activity,claim_0c2d32b8acd07fab,True
run_af7ea8733bc97d35,Fe-Co-Ni-Mn-Zn,alkaline_stability_corrosion,claim_e5db0a412ffab177,True
run_af7ea8733bc97d35,Fe-Co-Ni-Mn-Zn,wet_chemical_synthesis,claim_53dfd163b8af0a08,True
run_09cb718c41fd3a33,Fe-Co-Ni-Mn-Zn,uor_activity,claim_faa562e785590b5e,True
run_09cb718c41fd3a33,Fe-Co-Ni-Mn-Zn,uor_activity,claim_876fa2a0a3f373e5,True
run_09cb718c41fd3a33,Fe-Co-Ni-Mn-Zn,substitution_and_synergy,claim_268fcd9e2e2eec49,True
run_09cb718c41fd3a33,Fe-Co-Ni-Mn-Zn,uor_activity,claim_e74a0095de705c17,True
run_09cb718c41fd3a33,Fe-Co-Ni-Mn-Zn,pba_structural_compatibility,claim_22312d38c6aac351,True
run_09cb718c41fd3a33,Fe-Co-Ni-Mn-Zn,alkaline_stability_corrosion,claim_f2623c735eedf934,True
run_09cb718c41fd3a33,Fe-Co-Ni-Mn-Zn,uor_activity,claim_4f01b87f6a0c47d2,True
run_09cb718c41fd3a33,Fe-Co-Ni-Mn-Zn,pba_structural_compatibility,claim_b707e5f577386959,True
run_09cb718c41fd3a33,Fe-Co-Ni-Mn-Zn,alkaline_stability_corrosion,claim_fcc6cfea529c8506,True
run_09cb718c41fd3a33,Fe-Co-Ni-Mn-Zn,pba_structural_compatibility,claim_4d901e5db48346b6,True
run_09cb718c41fd3a33,Fe-Co-Ni-Mn-Zn,alkaline_stability_corrosion,claim_a0a8ab86b3ff0486,True
run_09cb718c41fd3a33,Fe-Co-Ni-Mn-Zn,wet_chemical_synthesis,claim_4d0c87c2d17ae44a,True
run_020148402fc4a275,Fe-Co-Ni-Mn-Zn,uor_activity,claim_91878616dcbb3e30,True
run_020148402fc4a275,Fe-Co-Ni-Mn-Zn,uor_activity,claim_ab520faea8edf020,True
run_020148402fc4a275,Fe-Co-Ni-Mn-Zn,substitution_and_synergy,claim_7dad60b051fa8665,True
run_020148402fc4a275,Fe-Co-Ni-Mn-Zn,uor_activity,claim_de06d66b079a67c7,True
run_020148402fc4a275,Fe-Co-Ni-Mn-Zn,uor_activity,claim_ae85a186d53c29d3,True
run_020148402fc4a275,Fe-Co-Ni-Mn-Zn,alkaline_stability_corrosion,claim_69b919f3f65534bb,True
run_020148402fc4a275,Fe-Co-Ni-Mn-Zn,pba_structural_compatibility,claim_4bc04856620c960d,True
run_020148402fc4a275,Fe-Co-Ni-Mn-Zn,uor_activity,claim_5251430f70513328,True
run_020148402fc4a275,Fe-Co-Ni-Mn-Zn,pba_structural_compatibility,claim_b19255d3490623ae,True
run_020148402fc4a275,Fe-Co-Ni-Mn-Zn,pba_structural_compatibility,claim_99a3a6d4dacd6581,True
run_020148402fc4a275,Fe-Co-Ni-Mn-Zn,uor_activity,claim_8ac896473fc295d2,True
run_020148402fc4a275,Fe-Co-Ni-Mn-Zn,wet_chemical_synthesis,claim_8411d9e806d97eb7,True
run_5bd3e94ad1b2be23,Fe-Co-Ni-Mn-Zn,uor_activity,claim_baf3ec9bf1427af7,True
run_5bd3e94ad1b2be23,Fe-Co-Ni-Mn-Zn,uor_activity,claim_7e95983234bbf840,True
run_5bd3e94ad1b2be23,Fe-Co-Ni-Mn-Zn,uor_activity,claim_17d4920a1a614e41,True
run_5bd3e94ad1b2be23,Fe-Co-Ni-Mn-Zn,alkaline_stability_corrosion,claim_722f38ada85bd496,True
run_5bd3e94ad1b2be23,Fe-Co-Ni-Mn-Zn,alkaline_stability_corrosion,claim_becfcb99f399b47a,True
run_5bd3e94ad1b2be23,Fe-Co-Ni-Mn-Zn,alkaline_stability_corrosion,claim_41f0ad5b670b310d,True
run_5bd3e94ad1b2be23,Fe-Co-Ni-Mn-Zn,pba_structural_compatibility,claim_70fcbd016b89428d,True
run_5bd3e94ad1b2be23,Fe-Co-Ni-Mn-Zn,wet_chemical_synthesis,claim_6191361a2a27b9e3,True
run_5bd3e94ad1b2be23,Fe-Co-Ni-Mn-Zn,wet_chemical_synthesis,claim_82a2413e05912444,True
run_5bd3e94ad1b2be23,Fe-Co-Ni-Mn-Zn,alkaline_stability_corrosion,claim_bfc26f7c775a315d,True
run_94b6811a613c1128,Fe-Co-Ni-Mn-Zn,uor_activity,claim_c6399d7ec78fe67f,True
run_94b6811a613c1128,Fe-Co-Ni-Mn-Zn,uor_activity,claim_bb887f0145d3f3ce,True
run_94b6811a613c1128,Fe-Co-Ni-Mn-Zn,uor_activity,claim_443c69dfff0fbc8a,True
run_94b6811a613c1128,Fe-Co-Ni-Mn-Zn,substitution_and_synergy,claim_224422fc53086d0b,True
run_94b6811a613c1128,Fe-Co-Ni-Mn-Zn,uor_activity,claim_11b24f0714ffa56e,True
run_94b6811a613c1128,Fe-Co-Ni-Mn-Zn,uor_activity,claim_208ba614e9042e62,True
run_94b6811a613c1128,Fe-Co-Ni-Mn-Zn,pba_structural_compatibility,claim_664917fe0cc39123,True
run_94b6811a613c1128,Fe-Co-Ni-Mn-Zn,alkaline_stability_corrosion,claim_40efbabd67dfd959,True
run_94b6811a613c1128,Fe-Co-Ni-Mn-Zn,alkaline_stability_corrosion,claim_62fd95c30c67acf7,True
run_94b6811a613c1128,Fe-Co-Ni-Mn-Zn,pba_structural_compatibility,claim_0f47a56d968850e6,True
run_94b6811a613c1128,Fe-Co-Ni-Mn-Zn,alkaline_stability_corrosion,claim_606e05c99fb6c5ae,True
run_94b6811a613c1128,Fe-Co-Ni-Mn-Zn,wet_chemical_synthesis,claim_8e6f6b356846d12a,True
run_9a1f52cb9067d9cb,Fe-Co-Ni-Mn-Zn,uor_activity,claim_1ac6046ddb9f3f13,True
run_9a1f52cb9067d9cb,Fe-Co-Ni-Mn-Zn,uor_activity,claim_7123792bfee9cbce,True
run_9a1f52cb9067d9cb,Fe-Co-Ni-Mn-Zn,substitution_and_synergy,claim_9d4bbeaf5c5327cb,True
run_9a1f52cb9067d9cb,Fe-Co-Ni-Mn-Zn,uor_activity,claim_75ff3e90492a5656,True
run_9a1f52cb9067d9cb,Fe-Co-Ni-Mn-Zn,alkaline_stability_corrosion,claim_2dabb0292fb76ae3,True
run_9a1f52cb9067d9cb,Fe-Co-Ni-Mn-Zn,pba_structural_compatibility,claim_60b8ec7fb14193be,True
run_9a1f52cb9067d9cb,Fe-Co-Ni-Mn-Zn,substitution_and_synergy,claim_39faf666d9b3b97b,True
run_9a1f52cb9067d9cb,Fe-Co-Ni-Mn-Zn,pba_structural_compatibility,claim_8f7629a37da9b516,True
run_9a1f52cb9067d9cb,Fe-Co-Ni-Mn-Zn,uor_activity,claim_30a106b4e128c5b0,True
run_9a1f52cb9067d9cb,Fe-Co-Ni-Mn-Zn,alkaline_stability_corrosion,claim_69a13aaa2b2ef9f3,True
run_9a1f52cb9067d9cb,Fe-Co-Ni-Mn-Zn,pba_structural_compatibility,claim_b985a9292a692cf0,True
run_9a1f52cb9067d9cb,Fe-Co-Ni-Mn-Zn,wet_chemical_synthesis,claim_05bc4dcff94cf7dc,True
run_9a1f52cb9067d9cb,Fe-Co-Ni-Mn-Zn,alkaline_stability_corrosion,claim_f50e236a4263d823,True
run_cb003639c449e5af,Fe-Co-Ni-Cu-Zn,uor_activity,claim_26ccd9dd76baac45,True
run_cb003639c449e5af,Fe-Co-Ni-Cu-Zn,substitution_and_synergy,claim_731d76c18cd6b34f,True
run_cb003639c449e5af,Fe-Co-Ni-Cu-Zn,pba_structural_compatibility,claim_2a00f5003f638016,True
run_cb003639c449e5af,Fe-Co-Ni-Cu-Zn,pba_structural_compatibility,claim_f0444b5e1c1b913a,True
run_cb003639c449e5af,Fe-Co-Ni-Cu-Zn,uor_activity,claim_ac6941711136b083,True
run_cb003639c449e5af,Fe-Co-Ni-Cu-Zn,substitution_and_synergy,claim_432845c554c7cced,True
run_cb003639c449e5af,Fe-Co-Ni-Cu-Zn,uor_activity,claim_fc6f3dec9614fe52,True
run_cb003639c449e5af,Fe-Co-Ni-Cu-Zn,alkaline_stability_corrosion,claim_c69ed042f4554b17,True
run_cb003639c449e5af,Fe-Co-Ni-Cu-Zn,alkaline_stability_corrosion,claim_e505ee3a8001dd3c,True
run_cb003639c449e5af,Fe-Co-Ni-Cu-Zn,pba_structural_compatibility,claim_e5607e2d1e6f3350,True
run_cb003639c449e5af,Fe-Co-Ni-Cu-Zn,pba_structural_compatibility,claim_c0adf14a09a4015a,True
run_cb003639c449e5af,Fe-Co-Ni-Cu-Zn,pba_structural_compatibility,claim_41d87d44c4dfdab6,True
run_cb003639c449e5af,Fe-Co-Ni-Cu-Zn,wet_chemical_synthesis,claim_7f8221b1c3a82048,True
run_cb003639c449e5af,Fe-Co-Ni-Cu-Zn,wet_chemical_synthesis,claim_2c68f61425d49354,True
run_6e30d5d8c6193e21,Fe-Co-Ni-Cu-Zn,uor_activity,claim_a6847b81b03e81d6,True
run_6e30d5d8c6193e21,Fe-Co-Ni-Cu-Zn,substitution_and_synergy,claim_c5b821b77a9e4c63,True
run_6e30d5d8c6193e21,Fe-Co-Ni-Cu-Zn,pba_structural_compatibility,claim_12f823764c2614fc,True
run_6e30d5d8c6193e21,Fe-Co-Ni-Cu-Zn,substitution_and_synergy,claim_9a60682e69933232,True
run_6e30d5d8c6193e21,Fe-Co-Ni-Cu-Zn,uor_activity,claim_c036216c2e56e833,True
run_6e30d5d8c6193e21,Fe-Co-Ni-Cu-Zn,alkaline_stability_corrosion,claim_310d69a65cbbce59,True
run_6e30d5d8c6193e21,Fe-Co-Ni-Cu-Zn,pba_structural_compatibility,claim_b45ea34f7f7db179,True
run_6e30d5d8c6193e21,Fe-Co-Ni-Cu-Zn,alkaline_stability_corrosion,claim_8171be2cc093edf7,True
run_6e30d5d8c6193e21,Fe-Co-Ni-Cu-Zn,alkaline_stability_corrosion,claim_7946e62f728f71f1,True
run_6e30d5d8c6193e21,Fe-Co-Ni-Cu-Zn,uor_activity,claim_75becdcea05ec215,True
run_6e30d5d8c6193e21,Fe-Co-Ni-Cu-Zn,wet_chemical_synthesis,claim_15e7bdd0da3c0071,True
run_6e30d5d8c6193e21,Fe-Co-Ni-Cu-Zn,pba_structural_compatibility,claim_3a4294d89fdc7495,True
run_bcaadea5c838c750,Fe-Co-Ni-Mn-Zn,uor_activity,claim_b762c237cd517210,True
run_bcaadea5c838c750,Fe-Co-Ni-Mn-Zn,alkaline_stability_corrosion,claim_4a96135d8400855b,True
run_bcaadea5c838c750,Fe-Co-Ni-Mn-Zn,substitution_and_synergy,claim_0b0885bfe0d849f9,True
run_bcaadea5c838c750,Fe-Co-Ni-Mn-Zn,uor_activity,claim_bf701c381b962bb7,True
run_bcaadea5c838c750,Fe-Co-Ni-Mn-Zn,uor_activity,claim_759e5047b3f210eb,True
run_bcaadea5c838c750,Fe-Co-Ni-Mn-Zn,pba_structural_compatibility,claim_2303bea1ab00c88f,True
run_bcaadea5c838c750,Fe-Co-Ni-Mn-Zn,uor_activity,claim_bf2de232c43b14ad,True
run_bcaadea5c838c750,Fe-Co-Ni-Mn-Zn,alkaline_stability_corrosion,claim_8deea27636cdd0c0,True
run_bcaadea5c838c750,Fe-Co-Ni-Mn-Zn,alkaline_stability_corrosion,claim_f752170fad6eb0e6,True
run_bcaadea5c838c750,Fe-Co-Ni-Mn-Zn,wet_chemical_synthesis,claim_b64666bc3885c66d,True
run_bcaadea5c838c750,Fe-Co-Ni-Mn-Zn,alkaline_stability_corrosion,claim_36e2c05df02315a7,True
run_bcaadea5c838c750,Fe-Co-Ni-Mn-Zn,wet_chemical_synthesis,claim_32be13e907799b06,True
run_51a24a9a75df8a5a,Fe-Co-Ni-Mn-Zn,uor_activity,claim_8376ab12b532cc0d,True
run_51a24a9a75df8a5a,Fe-Co-Ni-Mn-Zn,substitution_and_synergy,claim_e1497b1ecc96da1a,True
run_51a24a9a75df8a5a,Fe-Co-Ni-Mn-Zn,substitution_and_synergy,claim_f991eb1555000af7,True
run_51a24a9a75df8a5a,Fe-Co-Ni-Mn-Zn,pba_structural_compatibility,claim_38d2e9dbddf585e9,True
run_51a24a9a75df8a5a,Fe-Co-Ni-Mn-Zn,uor_activity,claim_1653568c04feba2a,True
run_51a24a9a75df8a5a,Fe-Co-Ni-Mn-Zn,alkaline_stability_corrosion,claim_56df87fe85740fa7,True
run_51a24a9a75df8a5a,Fe-Co-Ni-Mn-Zn,uor_activity,claim_b2608640a561b726,True
run_51a24a9a75df8a5a,Fe-Co-Ni-Mn-Zn,alkaline_stability_corrosion,claim_b469a791bb44bb06,True
run_51a24a9a75df8a5a,Fe-Co-Ni-Mn-Zn,wet_chemical_synthesis,claim_8e1b86133a330f68,True
run_51a24a9a75df8a5a,Fe-Co-Ni-Mn-Zn,pba_structural_compatibility,claim_a371603efb35d079,True
run_51a24a9a75df8a5a,Fe-Co-Ni-Mn-Zn,uor_activity,claim_83dc9db7fdf414bf,True
run_792c4b213139c5a4,Fe-Co-Ni-Mn-Zn,uor_activity,claim_3400bb89dd7eaafd,True
run_792c4b213139c5a4,Fe-Co-Ni-Mn-Zn,substitution_and_synergy,claim_0d3d5b1380d1d2da,True
run_792c4b213139c5a4,Fe-Co-Ni-Mn-Zn,pba_structural_compatibility,claim_a4ba6918b10a6ea0,True
run_792c4b213139c5a4,Fe-Co-Ni-Mn-Zn,uor_activity,claim_6ac1e100a76927a0,True
run_792c4b213139c5a4,Fe-Co-Ni-Mn-Zn,uor_activity,claim_4843fb142c88ed81,True
run_792c4b213139c5a4,Fe-Co-Ni-Mn-Zn,alkaline_stability_corrosion,claim_347f83beb24aa5a4,True
run_792c4b213139c5a4,Fe-Co-Ni-Mn-Zn,pba_structural_compatibility,claim_a0d190bd448d5dd3,True
run_792c4b213139c5a4,Fe-Co-Ni-Mn-Zn,alkaline_stability_corrosion,claim_c4cff82680aa0e04,True
run_792c4b213139c5a4,Fe-Co-Ni-Mn-Zn,alkaline_stability_corrosion,claim_7014da566e1c6a02,True
run_792c4b213139c5a4,Fe-Co-Ni-Mn-Zn,wet_chemical_synthesis,claim_a2a23e7b636a26c6,True
run_792c4b213139c5a4,Fe-Co-Ni-Mn-Zn,wet_chemical_synthesis,claim_a6938b76fc25ed9e,True
run_c0e9ba95a285f559,Fe-Co-Ni-Mn-Zn,uor_activity,claim_03fbde7636e47258,True
run_c0e9ba95a285f559,Fe-Co-Ni-Mn-Zn,substitution_and_synergy,claim_c97bdf34d5e6cb9e,True
run_c0e9ba95a285f559,Fe-Co-Ni-Mn-Zn,uor_activity,claim_1901d7d26a4b5f2c,True
run_c0e9ba95a285f559,Fe-Co-Ni-Mn-Zn,pba_structural_compatibility,claim_877eca71aa9803c8,True
run_c0e9ba95a285f559,Fe-Co-Ni-Mn-Zn,uor_activity,claim_dd65b883863e1804,True
run_c0e9ba95a285f559,Fe-Co-Ni-Mn-Zn,uor_activity,claim_121c8d96a9e2dc03,True
run_c0e9ba95a285f559,Fe-Co-Ni-Mn-Zn,pba_structural_compatibility,claim_0e1410a9d5f73270,True
run_c0e9ba95a285f559,Fe-Co-Ni-Mn-Zn,uor_activity,claim_40232f68aaad829d,True
run_c0e9ba95a285f559,Fe-Co-Ni-Mn-Zn,alkaline_stability_corrosion,claim_a73bfce60894afbc,True
run_c0e9ba95a285f559,Fe-Co-Ni-Mn-Zn,pba_structural_compatibility,claim_bc9a7b7ccb7d479a,True
run_c0e9ba95a285f559,Fe-Co-Ni-Mn-Zn,wet_chemical_synthesis,claim_30f0925761e9a449,True
run_c0e9ba95a285f559,Fe-Co-Ni-Mn-Zn,uor_activity,claim_adfa137986b31ef4,True
run_1edd3c414c7f50b3,Fe-Co-Ni-Mn-Zn,pba_structural_compatibility,claim_f4603303acfdde75,True
run_1edd3c414c7f50b3,Fe-Co-Ni-Mn-Zn,alkaline_stability_corrosion,claim_052b0ad43be84978,True
run_1edd3c414c7f50b3,Fe-Co-Ni-Mn-Zn,uor_activity,claim_4d78f35355f8a8fe,True
run_1edd3c414c7f50b3,Fe-Co-Ni-Mn-Zn,substitution_and_synergy,claim_6b77f45cf0ed1f34,True
run_1edd3c414c7f50b3,Fe-Co-Ni-Mn-Zn,pba_structural_compatibility,claim_901d207c25534e44,True
run_1edd3c414c7f50b3,Fe-Co-Ni-Mn-Zn,uor_activity,claim_663f2771cf85f0ea,True
run_1edd3c414c7f50b3,Fe-Co-Ni-Mn-Zn,uor_activity,claim_81e3b5e4420497ca,True
run_1edd3c414c7f50b3,Fe-Co-Ni-Mn-Zn,alkaline_stability_corrosion,claim_df324bed1d54ba3c,True
run_1edd3c414c7f50b3,Fe-Co-Ni-Mn-Zn,alkaline_stability_corrosion,claim_f10392d3f4cd2994,True
run_1edd3c414c7f50b3,Fe-Co-Ni-Mn-Zn,alkaline_stability_corrosion,claim_dc53d1cc68805338,True
run_1edd3c414c7f50b3,Fe-Co-Ni-Mn-Zn,wet_chemical_synthesis,claim_d64bdd67cd7c7e18,True
run_1edd3c414c7f50b3,Fe-Co-Ni-Mn-Zn,pba_structural_compatibility,claim_2710d30f063dfb0f,True
run_052fbddb7e7b0390,Fe-Co-Ni-Mn-Zn,pba_structural_compatibility,claim_30a1638c4b1c41c3,True
run_052fbddb7e7b0390,Fe-Co-Ni-Mn-Zn,uor_activity,claim_f6ee36b012a5c08f,True
run_052fbddb7e7b0390,Fe-Co-Ni-Mn-Zn,substitution_and_synergy,claim_901453088d250a0b,True
run_052fbddb7e7b0390,Fe-Co-Ni-Mn-Zn,pba_structural_compatibility,claim_bd8c469cf431041b,True
run_052fbddb7e7b0390,Fe-Co-Ni-Mn-Zn,uor_activity,claim_add083cae160b34c,True
run_052fbddb7e7b0390,Fe-Co-Ni-Mn-Zn,uor_activity,claim_4d6ef734d432834d,True
run_052fbddb7e7b0390,Fe-Co-Ni-Mn-Zn,substitution_and_synergy,claim_1cc6f5311da1f59b,True
run_052fbddb7e7b0390,Fe-Co-Ni-Mn-Zn,alkaline_stability_corrosion,claim_aa075be7d35032df,True
run_052fbddb7e7b0390,Fe-Co-Ni-Mn-Zn,substitution_and_synergy,claim_56f198651a0c5058,True
run_052fbddb7e7b0390,Fe-Co-Ni-Mn-Zn,wet_chemical_synthesis,claim_69377efd092f77c0,True
run_052fbddb7e7b0390,Fe-Co-Ni-Mn-Zn,pba_structural_compatibility,claim_422b85005529d9cb,True
run_dbdf123b0d47f240,Fe-Co-Ni-Mn-Zn,pba_structural_compatibility,claim_f16007f85b746f3b,True
run_dbdf123b0d47f240,Fe-Co-Ni-Mn-Zn,uor_activity,claim_6e6cd4ed5abf29a8,True
run_dbdf123b0d47f240,Fe-Co-Ni-Mn-Zn,uor_activity,claim_cd296af35ba07171,True
run_dbdf123b0d47f240,Fe-Co-Ni-Mn-Zn,uor_activity,claim_eb83479a9222ed49,True
run_dbdf123b0d47f240,Fe-Co-Ni-Mn-Zn,pba_structural_compatibility,claim_bae0c3358fdb6466,True
run_dbdf123b0d47f240,Fe-Co-Ni-Mn-Zn,uor_activity,claim_c557493bf555e2ab,True
run_dbdf123b0d47f240,Fe-Co-Ni-Mn-Zn,alkaline_stability_corrosion,claim_a07c22f2314d5f54,True
run_dbdf123b0d47f240,Fe-Co-Ni-Mn-Zn,alkaline_stability_corrosion,claim_3c4be550560ac830,True
run_dbdf123b0d47f240,Fe-Co-Ni-Mn-Zn,alkaline_stability_corrosion,claim_6badf8121ea5f1c1,True
run_dbdf123b0d47f240,Fe-Co-Ni-Mn-Zn,wet_chemical_synthesis,claim_6e1965d2cf0de1a0,True
run_dbdf123b0d47f240,Fe-Co-Ni-Mn-Zn,wet_chemical_synthesis,claim_c67c38a25c88f8f6,True
run_2360feb965109230,Fe-Ni-Mn-Cu-Zn,uor_activity,claim_651a43bda5603fcd,True
run_2360feb965109230,Fe-Ni-Mn-Cu-Zn,uor_activity,claim_a25d74d701f277e9,True
run_2360feb965109230,Fe-Ni-Mn-Cu-Zn,substitution_and_synergy,claim_798cdba8d45f23a4,True
run_2360feb965109230,Fe-Ni-Mn-Cu-Zn,uor_activity,claim_a9343071d5b70a1d,True
run_2360feb965109230,Fe-Ni-Mn-Cu-Zn,pba_structural_compatibility,claim_2d73ab8a53de267f,True
run_2360feb965109230,Fe-Ni-Mn-Cu-Zn,uor_activity,claim_4d4f3e23fa86952d,True
run_2360feb965109230,Fe-Ni-Mn-Cu-Zn,alkaline_stability_corrosion,claim_123f02e798d5d7af,True
run_2360feb965109230,Fe-Ni-Mn-Cu-Zn,uor_activity,claim_aff4a38bffb89ac6,True
run_2360feb965109230,Fe-Ni-Mn-Cu-Zn,alkaline_stability_corrosion,claim_aace956a0125cc79,True
run_2360feb965109230,Fe-Ni-Mn-Cu-Zn,alkaline_stability_corrosion,claim_bd7d1878634616c4,True
run_2360feb965109230,Fe-Ni-Mn-Cu-Zn,wet_chemical_synthesis,claim_72b738dfe4089557,True
run_2360feb965109230,Fe-Ni-Mn-Cu-Zn,wet_chemical_synthesis,claim_02d40446c16877a1,True
run_cea84eca5af08e21,Co-Ni-Mn-Cu-Zn,uor_activity,claim_d89b25d0808ef441,True
run_cea84eca5af08e21,Co-Ni-Mn-Cu-Zn,pba_structural_compatibility,claim_ab191b061c28d6a4,True
run_cea84eca5af08e21,Co-Ni-Mn-Cu-Zn,uor_activity,claim_8c219f3553e7be76,True
run_cea84eca5af08e21,Co-Ni-Mn-Cu-Zn,uor_activity,claim_9dbc94eba87e9479,True
run_cea84eca5af08e21,Co-Ni-Mn-Cu-Zn,uor_activity,claim_ea6c8584fd53a6e8,True
run_cea84eca5af08e21,Co-Ni-Mn-Cu-Zn,alkaline_stability_corrosion,claim_38ecd6645018cb2e,True
run_cea84eca5af08e21,Co-Ni-Mn-Cu-Zn,uor_activity,claim_9f30a6a61e09ee6d,True
run_cea84eca5af08e21,Co-Ni-Mn-Cu-Zn,uor_activity,claim_c3ef61e29cff380c,True
run_cea84eca5af08e21,Co-Ni-Mn-Cu-Zn,pba_structural_compatibility,claim_b3c9c4f0ce2c86ab,True
run_cea84eca5af08e21,Co-Ni-Mn-Cu-Zn,alkaline_stability_corrosion,claim_70cef5c157995a07,True
run_cea84eca5af08e21,Co-Ni-Mn-Cu-Zn,alkaline_stability_corrosion,claim_4641f1189085ad52,True
run_cea84eca5af08e21,Co-Ni-Mn-Cu-Zn,wet_chemical_synthesis,claim_3e33f6038bc2de8a,True
run_1eccf111e49d796b,Fe-Co-Ni-Mn-Zn,uor_activity,claim_9df69bedff77015d,True
run_1eccf111e49d796b,Fe-Co-Ni-Mn-Zn,uor_activity,claim_dd3005b9f3709ade,True
run_1eccf111e49d796b,Fe-Co-Ni-Mn-Zn,pba_structural_compatibility,claim_78289629f2d0c9c1,True
run_1eccf111e49d796b,Fe-Co-Ni-Mn-Zn,substitution_and_synergy,claim_07f70bf1985d0860,True
run_1eccf111e49d796b,Fe-Co-Ni-Mn-Zn,alkaline_stability_corrosion,claim_a75e1074a47ee3cc,True
run_1eccf111e49d796b,Fe-Co-Ni-Mn-Zn,pba_structural_compatibility,claim_88dd8458a03c26f9,True
run_1eccf111e49d796b,Fe-Co-Ni-Mn-Zn,uor_activity,claim_101f981d0e70918e,True
run_1eccf111e49d796b,Fe-Co-Ni-Mn-Zn,alkaline_stability_corrosion,claim_43183ac692fc14cb,True
run_1eccf111e49d796b,Fe-Co-Ni-Mn-Zn,pba_structural_compatibility,claim_291b2a5e8c983a4d,True
run_1eccf111e49d796b,Fe-Co-Ni-Mn-Zn,pba_structural_compatibility,claim_d12a353f4a6ab0c6,True
run_1eccf111e49d796b,Fe-Co-Ni-Mn-Zn,uor_activity,claim_3c1e77ce550cfe93,True
run_1eccf111e49d796b,Fe-Co-Ni-Mn-Zn,wet_chemical_synthesis,claim_b73949c389ab7662,True
run_bb3c2ac72325b1b4,Fe-Co-Ni-Mn-Zn,pba_structural_compatibility,claim_457e4643f95cd1a6,True
run_bb3c2ac72325b1b4,Fe-Co-Ni-Mn-Zn,pba_structural_compatibility,claim_42851a2f0805efe9,True
run_bb3c2ac72325b1b4,Fe-Co-Ni-Mn-Zn,uor_activity,claim_b3000793ad87ec8d,True
run_bb3c2ac72325b1b4,Fe-Co-Ni-Mn-Zn,uor_activity,claim_976bfff9d3de993d,True
run_bb3c2ac72325b1b4,Fe-Co-Ni-Mn-Zn,uor_activity,claim_afa2ad72883eec70,True
run_bb3c2ac72325b1b4,Fe-Co-Ni-Mn-Zn,substitution_and_synergy,claim_3e73f062a2af77c1,True
run_bb3c2ac72325b1b4,Fe-Co-Ni-Mn-Zn,pba_structural_compatibility,claim_f1698956b0f7a519,True
run_bb3c2ac72325b1b4,Fe-Co-Ni-Mn-Zn,alkaline_stability_corrosion,claim_2e45d16d2925895a,True
run_bb3c2ac72325b1b4,Fe-Co-Ni-Mn-Zn,alkaline_stability_corrosion,claim_00ca76c2a46c6cdb,True
run_bb3c2ac72325b1b4,Fe-Co-Ni-Mn-Zn,alkaline_stability_corrosion,claim_c184abe4227c4842,True
run_bb3c2ac72325b1b4,Fe-Co-Ni-Mn-Zn,substitution_and_synergy,claim_607da08f6b39200e,True
run_bb3c2ac72325b1b4,Fe-Co-Ni-Mn-Zn,wet_chemical_synthesis,claim_d3060a122f53dd42,True
run_7fc47d306302f222,Fe-Co-Ni-Mn-Zn,uor_activity,claim_d3aa44a1784556f0,True
run_7fc47d306302f222,Fe-Co-Ni-Mn-Zn,alkaline_stability_corrosion,claim_9836e3284b958e24,True
run_7fc47d306302f222,Fe-Co-Ni-Mn-Zn,uor_activity,claim_98dd097d3ed8ba3d,True
run_7fc47d306302f222,Fe-Co-Ni-Mn-Zn,pba_structural_compatibility,claim_522bbbd46551360e,True
run_7fc47d306302f222,Fe-Co-Ni-Mn-Zn,uor_activity,claim_67f5c150a53cdf68,True
run_7fc47d306302f222,Fe-Co-Ni-Mn-Zn,uor_activity,claim_84f0a69151a1a6fd,True
run_7fc47d306302f222,Fe-Co-Ni-Mn-Zn,substitution_and_synergy,claim_9f8a06c0db7d8443,True
run_7fc47d306302f222,Fe-Co-Ni-Mn-Zn,alkaline_stability_corrosion,claim_0d582786060688e3,True
run_7fc47d306302f222,Fe-Co-Ni-Mn-Zn,pba_structural_compatibility,claim_91c8ea5d2c86ecd1,True
run_7fc47d306302f222,Fe-Co-Ni-Mn-Zn,alkaline_stability_corrosion,claim_4c519e0e83b85690,True
run_7fc47d306302f222,Fe-Co-Ni-Mn-Zn,alkaline_stability_corrosion,claim_b3e765882d64fb22,True
run_7fc47d306302f222,Fe-Co-Ni-Mn-Zn,wet_chemical_synthesis,claim_ee57fdab066101e4,True
run_b0e9fdfad699414b,Fe-Co-Ni-Mn-Zn,uor_activity,claim_85fe71a37679921c,True
run_b0e9fdfad699414b,Fe-Co-Ni-Mn-Zn,alkaline_stability_corrosion,claim_7e80cd3fd16a489b,True
run_b0e9fdfad699414b,Fe-Co-Ni-Mn-Zn,uor_activity,claim_daf2e87195279991,True
run_b0e9fdfad699414b,Fe-Co-Ni-Mn-Zn,pba_structural_compatibility,claim_b8b1fb1262e408f0,True
run_b0e9fdfad699414b,Fe-Co-Ni-Mn-Zn,uor_activity,claim_dff7cc870dc5a270,True
run_b0e9fdfad699414b,Fe-Co-Ni-Mn-Zn,uor_activity,claim_6012297f40a5777c,True
run_b0e9fdfad699414b,Fe-Co-Ni-Mn-Zn,substitution_and_synergy,claim_c6539a1baeef5e19,True
run_b0e9fdfad699414b,Fe-Co-Ni-Mn-Zn,alkaline_stability_corrosion,claim_1f9bc3e263778b92,True
run_b0e9fdfad699414b,Fe-Co-Ni-Mn-Zn,pba_structural_compatibility,claim_1a60f3e4406fe2de,True
run_b0e9fdfad699414b,Fe-Co-Ni-Mn-Zn,alkaline_stability_corrosion,claim_e3fa69fd3e428e72,True
run_b0e9fdfad699414b,Fe-Co-Ni-Mn-Zn,alkaline_stability_corrosion,claim_63833186dccaaf7d,True
run_b0e9fdfad699414b,Fe-Co-Ni-Mn-Zn,wet_chemical_synthesis,claim_ab255cfa2012d57d,True
run_cc37fae04a772d72,Fe-Co-Ni-Mn-Zn,uor_activity,claim_d8630c03c577f689,True
run_cc37fae04a772d72,Fe-Co-Ni-Mn-Zn,pba_structural_compatibility,claim_f07e660d74aab717,True
run_cc37fae04a772d72,Fe-Co-Ni-Mn-Zn,uor_activity,claim_c38d1dbe21cc71ea,True
run_cc37fae04a772d72,Fe-Co-Ni-Mn-Zn,substitution_and_synergy,claim_d5270cf1649bcf38,True
run_cc37fae04a772d72,Fe-Co-Ni-Mn-Zn,uor_activity,claim_4a54be1d8524c8a2,True
run_cc37fae04a772d72,Fe-Co-Ni-Mn-Zn,uor_activity,claim_99b83926f0d0ec14,True
run_cc37fae04a772d72,Fe-Co-Ni-Mn-Zn,uor_activity,claim_f3adf146bfe95260,True
run_cc37fae04a772d72,Fe-Co-Ni-Mn-Zn,alkaline_stability_corrosion,claim_4146434a96069e1a,True
run_cc37fae04a772d72,Fe-Co-Ni-Mn-Zn,alkaline_stability_corrosion,claim_b0d84467f9554ba0,True
run_cc37fae04a772d72,Fe-Co-Ni-Mn-Zn,alkaline_stability_corrosion,claim_262dee45a698c229,True
run_cc37fae04a772d72,Fe-Co-Ni-Mn-Zn,uor_activity,claim_b354539ab4fd310c,True
run_cc37fae04a772d72,Fe-Co-Ni-Mn-Zn,wet_chemical_synthesis,claim_1ffed99f0399c95b,True
run_b6e86c2e9b7b3255,Fe-Co-Ni-Mn-Zn,uor_activity,claim_0f267823d118bf62,True
run_b6e86c2e9b7b3255,Fe-Co-Ni-Mn-Zn,uor_activity,claim_fedc48e6081acf70,True
run_b6e86c2e9b7b3255,Fe-Co-Ni-Mn-Zn,substitution_and_synergy,claim_9e60d5e080339d04,True
run_b6e86c2e9b7b3255,Fe-Co-Ni-Mn-Zn,substitution_and_synergy,claim_1d41a1ab7472fc17,True
run_b6e86c2e9b7b3255,Fe-Co-Ni-Mn-Zn,alkaline_stability_corrosion,claim_ea9defd59fcf0102,True
run_b6e86c2e9b7b3255,Fe-Co-Ni-Mn-Zn,pba_structural_compatibility,claim_5f8b44ca9345d3f1,True
run_b6e86c2e9b7b3255,Fe-Co-Ni-Mn-Zn,uor_activity,claim_13475d7682f727d6,True
run_b6e86c2e9b7b3255,Fe-Co-Ni-Mn-Zn,uor_activity,claim_aef02d08df02711a,True
run_b6e86c2e9b7b3255,Fe-Co-Ni-Mn-Zn,substitution_and_synergy,claim_0ff878fa16b31129,True
run_b6e86c2e9b7b3255,Fe-Co-Ni-Mn-Zn,alkaline_stability_corrosion,claim_0140203ee7bdd8a0,True
run_b6e86c2e9b7b3255,Fe-Co-Ni-Mn-Zn,pba_structural_compatibility,claim_89591836291c5d85,True
run_b6e86c2e9b7b3255,Fe-Co-Ni-Mn-Zn,wet_chemical_synthesis,claim_ed649b88ed23af8a,True
run_be36c9c685335d71,Fe-Co-Ni-Cu-Zn,pba_structural_compatibility,claim_3b2bc590b213cfa4,True
run_be36c9c685335d71,Fe-Co-Ni-Cu-Zn,uor_activity,claim_7e258d45d768f9bb,True
run_be36c9c685335d71,Fe-Co-Ni-Cu-Zn,uor_activity,claim_34055f0705aa3918,True
run_be36c9c685335d71,Fe-Co-Ni-Cu-Zn,uor_activity,claim_a63827b7153eb2a5,True
run_be36c9c685335d71,Fe-Co-Ni-Cu-Zn,uor_activity,claim_47a951048bc0c407,True
run_be36c9c685335d71,Fe-Co-Ni-Cu-Zn,uor_activity,claim_c4192030f30fab68,True
run_be36c9c685335d71,Fe-Co-Ni-Cu-Zn,uor_activity,claim_9eee549d44794735,True
run_be36c9c685335d71,Fe-Co-Ni-Cu-Zn,alkaline_stability_corrosion,claim_bd986aaf8de153e5,True
run_be36c9c685335d71,Fe-Co-Ni-Cu-Zn,alkaline_stability_corrosion,claim_5c79b60af6ae05b3,True
run_be36c9c685335d71,Fe-Co-Ni-Cu-Zn,alkaline_stability_corrosion,claim_39b64d319b1b414a,True
run_be36c9c685335d71,Fe-Co-Ni-Cu-Zn,wet_chemical_synthesis,claim_8911266354351788,True
run_be36c9c685335d71,Fe-Co-Ni-Cu-Zn,substitution_and_synergy,claim_54f1788ce2bdf9cd,True
run_797f4ba4319fe372,Fe-Co-Ni-Mn-Cu,uor_activity,claim_306a2b437e8774c6,True
run_797f4ba4319fe372,Fe-Co-Ni-Mn-Cu,pba_structural_compatibility,claim_bdf00af729a982eb,True
run_797f4ba4319fe372,Fe-Co-Ni-Mn-Cu,uor_activity,claim_005572dc7d0d3fac,True
run_797f4ba4319fe372,Fe-Co-Ni-Mn-Cu,uor_activity,claim_0b277c9f6a1c6ce7,True
run_797f4ba4319fe372,Fe-Co-Ni-Mn-Cu,uor_activity,claim_b0f5e062d0ea0ec5,True
run_797f4ba4319fe372,Fe-Co-Ni-Mn-Cu,substitution_and_synergy,claim_6068514c59ac5550,True
run_797f4ba4319fe372,Fe-Co-Ni-Mn-Cu,uor_activity,claim_0b1fa4773b0b9ab9,True
run_797f4ba4319fe372,Fe-Co-Ni-Mn-Cu,alkaline_stability_corrosion,claim_08f7499f994cac67,True
run_797f4ba4319fe372,Fe-Co-Ni-Mn-Cu,uor_activity,claim_646756834f3c3732,True
run_797f4ba4319fe372,Fe-Co-Ni-Mn-Cu,alkaline_stability_corrosion,claim_2c8dfe362ad5b811,True
run_797f4ba4319fe372,Fe-Co-Ni-Mn-Cu,alkaline_stability_corrosion,claim_d80e5cee545f0779,True
run_797f4ba4319fe372,Fe-Co-Ni-Mn-Cu,wet_chemical_synthesis,claim_dfa82d28747a7819,True
run_353c84909b3aca98,Fe-Co-Ni-Mn-Cu,uor_activity,claim_e89b1733224453c2,True
run_353c84909b3aca98,Fe-Co-Ni-Mn-Cu,uor_activity,claim_258d078940c8866b,True
run_353c84909b3aca98,Fe-Co-Ni-Mn-Cu,substitution_and_synergy,claim_c6cf82009ae06320,True
run_353c84909b3aca98,Fe-Co-Ni-Mn-Cu,pba_structural_compatibility,claim_e1adc085854c33c0,True
run_353c84909b3aca98,Fe-Co-Ni-Mn-Cu,pba_structural_compatibility,claim_6dc3a37271cd2754,True
run_353c84909b3aca98,Fe-Co-Ni-Mn-Cu,uor_activity,claim_afbb70465877255e,True
run_353c84909b3aca98,Fe-Co-Ni-Mn-Cu,alkaline_stability_corrosion,claim_c2ded8688aec4465,True
run_353c84909b3aca98,Fe-Co-Ni-Mn-Cu,uor_activity,claim_2c4b3492cddeff90,True
run_353c84909b3aca98,Fe-Co-Ni-Mn-Cu,uor_activity,claim_691e87d4ec9575c7,True
run_353c84909b3aca98,Fe-Co-Ni-Mn-Cu,uor_activity,claim_4dd05dba1ad25e6b,True
run_353c84909b3aca98,Fe-Co-Ni-Mn-Cu,alkaline_stability_corrosion,claim_9d08569740340411,True
run_353c84909b3aca98,Fe-Co-Ni-Mn-Cu,wet_chemical_synthesis,claim_bd9adca09a92fcd6,True
