record_id,model,candidate,dimension,yager_R,yager_NR,yager_U,yager_K,yager_dimension_label,dempster_R,dempster_NR,dempster_U,dempster_K,dempster_dimension_label,dimension_label_changed,yager_run_label,dempster_run_label,run_label_changed
run_f320e51e82599883,deepseek,Fe-Co-Ni-Cu-Zn,uor_activity,0.7921200794134464,0.0,0.20787992058655366,0.0,supported,0.7921200794134464,0.0,0.20787992058655366,0.0,supported,no,flagged_insufficient,flagged_insufficient,no
run_f320e51e82599883,deepseek,Fe-Co-Ni-Cu-Zn,pba_structural_compatibility,0.7112758146895817,0.0,0.2887241853104183,0.0,supported,0.7112758146895817,0.0,0.2887241853104183,0.0,supported,no,flagged_insufficient,flagged_insufficient,no
run_f320e51e82599883,deepseek,Fe-Co-Ni-Cu-Zn,wet_chemical_synthesis,0.36035117004111294,0.0,0.639648829958887,0.0,insufficient,0.36035117004111294,0.0,0.639648829958887,0.0,insufficient,no,flagged_insufficient,flagged_insufficient,no
run_f320e51e82599883,deepseek,Fe-Co-Ni-Cu-Zn,alkaline_stability_corrosion,0.2468780459188247,0.0,0.7531219540811753,0.0,insufficient,0.2468780459188247,0.0,0.7531219540811753,0.0,insufficient,no,flagged_insufficient,flagged_insufficient,no
run_e78a48b951b2ee6e,deepseek,Fe-Co-Ni-Cu-Zn,uor_activity,0.7891068218010456,0.0,0.21089317819895437,0.0,supported,0.7891068218010456,0.0,0.21089317819895437,0.0,supported,no,flagged_insufficient,flagged_insufficient,no
run_e78a48b951b2ee6e,deepseek,Fe-Co-Ni-Cu-Zn,pba_structural_compatibility,0.660201552,0.0,0.33979844800000003,0.0,supported,0.660201552,0.0,0.33979844800000003,0.0,supported,no,flagged_insufficient,flagged_insufficient,no
run_e78a48b951b2ee6e,deepseek,Fe-Co-Ni-Cu-Zn,wet_chemical_synthesis,0.7554049599724649,0.0,0.24459504002753507,0.0,supported,0.7554049599724649,0.0,0.24459504002753507,0.0,supported,no,flagged_insufficient,flagged_insufficient,no
run_e78a48b951b2ee6e,deepseek,Fe-Co-Ni-Cu-Zn,alkaline_stability_corrosion,0.36,0.0,0.64,0.0,insufficient,0.36,0.0,0.64,0.0,insufficient,no,flagged_insufficient,flagged_insufficient,no
run_e031b877f070eb35,deepseek,Fe-Co-Ni-Mn-Cu,uor_activity,0.9161251332411466,0.0,0.08387486675885333,0.0,supported,0.9161251332411466,0.0,0.08387486675885333,0.0,supported,no,flagged_insufficient,flagged_insufficient,no
run_e031b877f070eb35,deepseek,Fe-Co-Ni-Mn-Cu,pba_structural_compatibility,0.2947682880838254,0.0,0.7052317119161747,0.0,insufficient,0.2947682880838254,0.0,0.7052317119161747,0.0,insufficient,no,flagged_insufficient,flagged_insufficient,no
run_e031b877f070eb35,deepseek,Fe-Co-Ni-Mn-Cu,wet_chemical_synthesis,0.4460205765789777,0.0,0.5539794234210222,0.0,insufficient,0.4460205765789777,0.0,0.5539794234210222,0.0,insufficient,no,flagged_insufficient,flagged_insufficient,no
run_e031b877f070eb35,deepseek,Fe-Co-Ni-Mn-Cu,alkaline_stability_corrosion,0.3032195072894137,0.0,0.6967804927105864,0.0,insufficient,0.3032195072894137,0.0,0.6967804927105864,0.0,insufficient,no,flagged_insufficient,flagged_insufficient,no
run_ed4997cc40ec46a3,deepseek,Fe-Co-Ni-Mn-Cu,uor_activity,0.45751406775678877,0.0,0.5424859322432113,0.0,insufficient,0.45751406775678877,0.0,0.5424859322432113,0.0,insufficient,no,flagged_insufficient,flagged_insufficient,no
run_ed4997cc40ec46a3,deepseek,Fe-Co-Ni-Mn-Cu,pba_structural_compatibility,0.5036812837195769,0.0,0.4963187162804231,0.0,insufficient,0.5036812837195769,0.0,0.4963187162804231,0.0,insufficient,no,flagged_insufficient,flagged_insufficient,no
run_ed4997cc40ec46a3,deepseek,Fe-Co-Ni-Mn-Cu,wet_chemical_synthesis,0.29012617345818353,0.0,0.7098738265418165,0.0,insufficient,0.29012617345818353,0.0,0.7098738265418165,0.0,insufficient,no,flagged_insufficient,flagged_insufficient,no
run_ed4997cc40ec46a3,deepseek,Fe-Co-Ni-Mn-Cu,alkaline_stability_corrosion,0.3083551344863077,0.0,0.6916448655136924,0.0,insufficient,0.3083551344863077,0.0,0.6916448655136924,0.0,insufficient,no,flagged_insufficient,flagged_insufficient,no
run_4c59c2c3497dce9e,deepseek,Fe-Co-Ni-Mn-Cu,uor_activity,0.9239665541167732,0.0,0.07603344588322669,0.0,supported,0.9239665541167732,0.0,0.07603344588322669,0.0,supported,no,flagged_insufficient,flagged_insufficient,no
run_4c59c2c3497dce9e,deepseek,Fe-Co-Ni-Mn-Cu,pba_structural_compatibility,0.6432008575257794,0.0,0.35679914247422057,0.0,supported,0.6432008575257794,0.0,0.35679914247422057,0.0,supported,no,flagged_insufficient,flagged_insufficient,no
run_4c59c2c3497dce9e,deepseek,Fe-Co-Ni-Mn-Cu,wet_chemical_synthesis,0.29019375000000003,0.0,0.7098062500000001,0.0,insufficient,0.29019375000000003,0.0,0.7098062500000001,0.0,insufficient,no,flagged_insufficient,flagged_insufficient,no
run_4c59c2c3497dce9e,deepseek,Fe-Co-Ni-Mn-Cu,alkaline_stability_corrosion,0.252,0.0,0.748,0.0,insufficient,0.252,0.0,0.748,0.0,insufficient,no,flagged_insufficient,flagged_insufficient,no
run_777dbcb559ff5378,deepseek,Fe-Co-Ni-Mn-Zn,uor_activity,0.5332021867071645,0.0,0.4667978132928356,0.0,insufficient,0.5332021867071645,0.0,0.4667978132928356,0.0,insufficient,no,flagged_insufficient,flagged_insufficient,no
run_777dbcb559ff5378,deepseek,Fe-Co-Ni-Mn-Zn,pba_structural_compatibility,0.281516145796421,0.0,0.7184838542035791,0.0,insufficient,0.281516145796421,0.0,0.7184838542035791,0.0,insufficient,no,flagged_insufficient,flagged_insufficient,no
run_777dbcb559ff5378,deepseek,Fe-Co-Ni-Mn-Zn,wet_chemical_synthesis,0.281516145796421,0.0,0.7184838542035791,0.0,insufficient,0.281516145796421,0.0,0.7184838542035791,0.0,insufficient,no,flagged_insufficient,flagged_insufficient,no
run_777dbcb559ff5378,deepseek,Fe-Co-Ni-Mn-Zn,alkaline_stability_corrosion,0.20861947992649615,0.0,0.7913805200735038,0.0,insufficient,0.20861947992649615,0.0,0.7913805200735038,0.0,insufficient,no,flagged_insufficient,flagged_insufficient,no
run_5ca33401d63c3d35,deepseek,Fe-Co-Ni-Mn-Zn,uor_activity,0.6473295,0.0,0.3526705,0.0,supported,0.6473295,0.0,0.3526705,0.0,supported,no,flagged_insufficient,flagged_insufficient,no
run_5ca33401d63c3d35,deepseek,Fe-Co-Ni-Mn-Zn,pba_structural_compatibility,0.6602015520000001,0.0,0.339798448,0.0,supported,0.6602015520000001,0.0,0.339798448,0.0,supported,no,flagged_insufficient,flagged_insufficient,no
run_5ca33401d63c3d35,deepseek,Fe-Co-Ni-Mn-Zn,wet_chemical_synthesis,0.29019375000000003,0.0,0.7098062500000001,0.0,insufficient,0.29019375000000003,0.0,0.7098062500000001,0.0,insufficient,no,flagged_insufficient,flagged_insufficient,no
run_5ca33401d63c3d35,deepseek,Fe-Co-Ni-Mn-Zn,alkaline_stability_corrosion,0.52128,0.0,0.47872000000000003,0.0,insufficient,0.52128,0.0,0.47872000000000003,0.0,insufficient,no,flagged_insufficient,flagged_insufficient,no
run_0b5d48cea00b1796,deepseek,Fe-Co-Ni-Mn-Zn,uor_activity,0.5793032476700951,0.0,0.420696752329905,0.0,insufficient,0.5793032476700951,0.0,0.420696752329905,0.0,insufficient,no,flagged_insufficient,flagged_insufficient,no
run_0b5d48cea00b1796,deepseek,Fe-Co-Ni-Mn-Zn,pba_structural_compatibility,0.3544976908390945,0.0,0.6455023091609056,0.0,insufficient,0.3544976908390945,0.0,0.6455023091609056,0.0,insufficient,no,flagged_insufficient,flagged_insufficient,no
run_0b5d48cea00b1796,deepseek,Fe-Co-Ni-Mn-Zn,wet_chemical_synthesis,0.15236573086998245,0.0,0.8476342691300176,0.0,insufficient,0.15236573086998245,0.0,0.8476342691300176,0.0,insufficient,no,flagged_insufficient,flagged_insufficient,no
run_0b5d48cea00b1796,deepseek,Fe-Co-Ni-Mn-Zn,alkaline_stability_corrosion,0.0,0.0,1.0,0.0,insufficient,0.0,0.0,1.0,0.0,insufficient,no,flagged_insufficient,flagged_insufficient,no
run_910853e06b9095bf,deepseek,Fe-Co-Ni-Mn-Zn,uor_activity,0.9113151475788727,0.0,0.08868485242112731,0.0,supported,0.9113151475788727,0.0,0.08868485242112731,0.0,supported,no,flagged_insufficient,flagged_insufficient,no
run_910853e06b9095bf,deepseek,Fe-Co-Ni-Mn-Zn,pba_structural_compatibility,0.36980999999999997,0.0,0.63019,0.0,insufficient,0.36980999999999997,0.0,0.63019,0.0,insufficient,no,flagged_insufficient,flagged_insufficient,no
run_910853e06b9095bf,deepseek,Fe-Co-Ni-Mn-Zn,wet_chemical_synthesis,0.6642,0.0,0.3358,0.0,supported,0.6642,0.0,0.3358,0.0,supported,no,flagged_insufficient,flagged_insufficient,no
run_910853e06b9095bf,deepseek,Fe-Co-Ni-Mn-Zn,alkaline_stability_corrosion,0.44213181960533954,0.0,0.5578681803946605,0.0,insufficient,0.44213181960533954,0.0,0.5578681803946605,0.0,insufficient,no,flagged_insufficient,flagged_insufficient,no
run_e7c1abb4133eacd1,deepseek,Fe-Ni-Mn-Cu-Zn,uor_activity,0.0,0.0,1.0,0.0,insufficient,0.0,0.0,1.0,0.0,insufficient,no,flagged_insufficient,flagged_insufficient,no
run_e7c1abb4133eacd1,deepseek,Fe-Ni-Mn-Cu-Zn,pba_structural_compatibility,0.0,0.0,1.0,0.0,insufficient,0.0,0.0,1.0,0.0,insufficient,no,flagged_insufficient,flagged_insufficient,no
run_e7c1abb4133eacd1,deepseek,Fe-Ni-Mn-Cu-Zn,wet_chemical_synthesis,0.0,0.0,1.0,0.0,insufficient,0.0,0.0,1.0,0.0,insufficient,no,flagged_insufficient,flagged_insufficient,no
run_e7c1abb4133eacd1,deepseek,Fe-Ni-Mn-Cu-Zn,alkaline_stability_corrosion,0.0,0.0,1.0,0.0,insufficient,0.0,0.0,1.0,0.0,insufficient,no,flagged_insufficient,flagged_insufficient,no
run_dfe4e7ab7feb5520,gemini,Fe-Co-Ni-Mn-Zn,uor_activity,0.7933530037743224,0.0,0.20664699622567748,0.0,supported,0.7933530037743224,0.0,0.20664699622567748,0.0,supported,no,supported,supported,no
run_dfe4e7ab7feb5520,gemini,Fe-Co-Ni-Mn-Zn,pba_structural_compatibility,0.8686962536115576,0.0,0.13130374638844247,0.0,supported,0.8686962536115576,0.0,0.13130374638844247,0.0,supported,no,supported,supported,no
run_dfe4e7ab7feb5520,gemini,Fe-Co-Ni-Mn-Zn,wet_chemical_synthesis,0.74030113451653,0.0,0.2596988654834701,0.0,supported,0.74030113451653,0.0,0.2596988654834701,0.0,supported,no,supported,supported,no
run_dfe4e7ab7feb5520,gemini,Fe-Co-Ni-Mn-Zn,alkaline_stability_corrosion,0.647744,0.0,0.35225600000000007,0.0,supported,0.647744,0.0,0.35225600000000007,0.0,supported,no,supported,supported,no
run_ff292d61b6376df8,gemini,Fe-Co-Ni-Mn-Zn,uor_activity,0.8312002639230345,0.0,0.16879973607696558,0.0,supported,0.8312002639230345,0.0,0.16879973607696558,0.0,supported,no,flagged_insufficient,flagged_insufficient,no
run_ff292d61b6376df8,gemini,Fe-Co-Ni-Mn-Zn,pba_structural_compatibility,0.681375936,0.0,0.31862406400000004,0.0,supported,0.681375936,0.0,0.31862406400000004,0.0,supported,no,flagged_insufficient,flagged_insufficient,no
run_ff292d61b6376df8,gemini,Fe-Co-Ni-Mn-Zn,wet_chemical_synthesis,0.4608,0.0,0.5392,0.0,insufficient,0.4608,0.0,0.5392,0.0,insufficient,no,flagged_insufficient,flagged_insufficient,no
run_ff292d61b6376df8,gemini,Fe-Co-Ni-Mn-Zn,alkaline_stability_corrosion,0.6906339117820148,0.0,0.3093660882179852,0.0,supported,0.6906339117820148,0.0,0.3093660882179852,0.0,supported,no,flagged_insufficient,flagged_insufficient,no
run_9750be7218796f0e,gemini,Fe-Co-Ni-Mn-Zn,uor_activity,0.6473295,0.0,0.3526705,0.0,supported,0.6473295,0.0,0.3526705,0.0,supported,no,flagged_insufficient,flagged_insufficient,no
run_9750be7218796f0e,gemini,Fe-Co-Ni-Mn-Zn,pba_structural_compatibility,0.83867136,0.0,0.16132864000000002,0.0,supported,0.83867136,0.0,0.16132864000000002,0.0,supported,no,flagged_insufficient,flagged_insufficient,no
run_9750be7218796f0e,gemini,Fe-Co-Ni-Mn-Zn,wet_chemical_synthesis,0.6944220000000001,0.0,0.30557799999999996,0.0,supported,0.6944220000000001,0.0,0.30557799999999996,0.0,supported,no,flagged_insufficient,flagged_insufficient,no
run_9750be7218796f0e,gemini,Fe-Co-Ni-Mn-Zn,alkaline_stability_corrosion,0.46752,0.0,0.5324800000000001,0.0,insufficient,0.46752,0.0,0.5324800000000001,0.0,insufficient,no,flagged_insufficient,flagged_insufficient,no
run_7fd29e5e06251830,gemini,Fe-Co-Ni-Mn-Zn,uor_activity,0.15236573086998245,0.0,0.8476342691300176,0.0,insufficient,0.15236573086998245,0.0,0.8476342691300176,0.0,insufficient,no,flagged_insufficient,flagged_insufficient,no
run_7fd29e5e06251830,gemini,Fe-Co-Ni-Mn-Zn,pba_structural_compatibility,0.15236573086998245,0.0,0.8476342691300176,0.0,insufficient,0.15236573086998245,0.0,0.8476342691300176,0.0,insufficient,no,flagged_insufficient,flagged_insufficient,no
run_7fd29e5e06251830,gemini,Fe-Co-Ni-Mn-Zn,wet_chemical_synthesis,0.2611983957771128,0.0,0.7388016042228872,0.0,insufficient,0.2611983957771128,0.0,0.7388016042228872,0.0,insufficient,no,flagged_insufficient,flagged_insufficient,no
run_7fd29e5e06251830,gemini,Fe-Co-Ni-Mn-Zn,alkaline_stability_corrosion,0.0,0.0,1.0,0.0,insufficient,0.0,0.0,1.0,0.0,insufficient,no,flagged_insufficient,flagged_insufficient,no
run_af7ea8733bc97d35,gemini,Fe-Co-Ni-Mn-Zn,uor_activity,0.8820202916479992,0.0,0.11797970835200089,0.0,supported,0.8820202916479992,0.0,0.11797970835200089,0.0,supported,no,flagged_insufficient,flagged_insufficient,no
run_af7ea8733bc97d35,gemini,Fe-Co-Ni-Mn-Zn,pba_structural_compatibility,0.5892828227130382,0.0,0.4107171772869618,0.0,insufficient,0.5892828227130382,0.0,0.4107171772869618,0.0,insufficient,no,flagged_insufficient,flagged_insufficient,no
run_af7ea8733bc97d35,gemini,Fe-Co-Ni-Mn-Zn,wet_chemical_synthesis,0.6642,0.0,0.3358,0.0,supported,0.6642,0.0,0.3358,0.0,supported,no,flagged_insufficient,flagged_insufficient,no
run_af7ea8733bc97d35,gemini,Fe-Co-Ni-Mn-Zn,alkaline_stability_corrosion,0.5033076974257252,0.0,0.4966923025742748,0.0,insufficient,0.5033076974257252,0.0,0.4966923025742748,0.0,insufficient,no,flagged_insufficient,flagged_insufficient,no
run_09cb718c41fd3a33,gemini,Fe-Co-Ni-Mn-Zn,uor_activity,0.6473295,0.0,0.3526705,0.0,supported,0.6473295,0.0,0.3526705,0.0,supported,no,flagged_insufficient,flagged_insufficient,no
run_09cb718c41fd3a33,gemini,Fe-Co-Ni-Mn-Zn,pba_structural_compatibility,0.8788566263252866,0.0,0.12114337367471328,0.0,supported,0.8788566263252866,0.0,0.12114337367471328,0.0,supported,no,flagged_insufficient,flagged_insufficient,no
run_09cb718c41fd3a33,gemini,Fe-Co-Ni-Mn-Zn,wet_chemical_synthesis,0.781147228402606,0.0,0.21885277159739402,0.0,supported,0.781147228402606,0.0,0.21885277159739402,0.0,supported,no,flagged_insufficient,flagged_insufficient,no
run_09cb718c41fd3a33,gemini,Fe-Co-Ni-Mn-Zn,alkaline_stability_corrosion,0.557347286071237,0.0,0.44265271392876315,0.0,insufficient,0.557347286071237,0.0,0.44265271392876315,0.0,insufficient,no,flagged_insufficient,flagged_insufficient,no
run_020148402fc4a275,gemini,Fe-Co-Ni-Mn-Zn,uor_activity,0.0,0.0,1.0,0.0,insufficient,0.0,0.0,1.0,0.0,insufficient,no,flagged_insufficient,flagged_insufficient,no
run_020148402fc4a275,gemini,Fe-Co-Ni-Mn-Zn,pba_structural_compatibility,0.0,0.0,1.0,0.0,insufficient,0.0,0.0,1.0,0.0,insufficient,no,flagged_insufficient,flagged_insufficient,no
run_020148402fc4a275,gemini,Fe-Co-Ni-Mn-Zn,wet_chemical_synthesis,0.0,0.0,1.0,0.0,insufficient,0.0,0.0,1.0,0.0,insufficient,no,flagged_insufficient,flagged_insufficient,no
run_020148402fc4a275,gemini,Fe-Co-Ni-Mn-Zn,alkaline_stability_corrosion,0.1185066795655419,0.0,0.8814933204344582,0.0,insufficient,0.1185066795655419,0.0,0.8814933204344582,0.0,insufficient,no,flagged_insufficient,flagged_insufficient,no
run_5bd3e94ad1b2be23,gemini,Fe-Co-Ni-Mn-Zn,uor_activity,0.6754359615985726,0.0,0.32456403840142756,0.0,supported,0.6754359615985726,0.0,0.32456403840142756,0.0,supported,no,flagged_insufficient,flagged_insufficient,no
run_5bd3e94ad1b2be23,gemini,Fe-Co-Ni-Mn-Zn,pba_structural_compatibility,0.252,0.0,0.748,0.0,insufficient,0.252,0.0,0.748,0.0,insufficient,no,flagged_insufficient,flagged_insufficient,no
run_5bd3e94ad1b2be23,gemini,Fe-Co-Ni-Mn-Zn,wet_chemical_synthesis,0.6642,0.0,0.3358,0.0,supported,0.6642,0.0,0.3358,0.0,supported,no,flagged_insufficient,flagged_insufficient,no
run_5bd3e94ad1b2be23,gemini,Fe-Co-Ni-Mn-Zn,alkaline_stability_corrosion,0.0,0.0,1.0,0.0,insufficient,0.0,0.0,1.0,0.0,insufficient,no,flagged_insufficient,flagged_insufficient,no
run_94b6811a613c1128,gemini,Fe-Co-Ni-Mn-Zn,uor_activity,0.6473295,0.0,0.3526705,0.0,supported,0.6473295,0.0,0.3526705,0.0,supported,no,flagged_insufficient,flagged_insufficient,no
run_94b6811a613c1128,gemini,Fe-Co-Ni-Mn-Zn,pba_structural_compatibility,0.8779286383559343,0.0,0.12207136164406579,0.0,supported,0.8779286383559343,0.0,0.12207136164406579,0.0,supported,no,flagged_insufficient,flagged_insufficient,no
run_94b6811a613c1128,gemini,Fe-Co-Ni-Mn-Zn,wet_chemical_synthesis,0.36980999999999997,0.0,0.63019,0.0,insufficient,0.36980999999999997,0.0,0.63019,0.0,insufficient,no,flagged_insufficient,flagged_insufficient,no
run_94b6811a613c1128,gemini,Fe-Co-Ni-Mn-Zn,alkaline_stability_corrosion,0.5511251340403038,0.0,0.4488748659596962,0.0,insufficient,0.5511251340403038,0.0,0.4488748659596962,0.0,insufficient,no,flagged_insufficient,flagged_insufficient,no
run_9a1f52cb9067d9cb,gemini,Fe-Co-Ni-Mn-Zn,uor_activity,0.851676864,0.0,0.148323136,0.0,supported,0.851676864,0.0,0.148323136,0.0,supported,no,supported,supported,no
run_9a1f52cb9067d9cb,gemini,Fe-Co-Ni-Mn-Zn,pba_structural_compatibility,0.87932617728,0.0,0.12067382272000003,0.0,supported,0.87932617728,0.0,0.12067382272000003,0.0,supported,no,supported,supported,no
run_9a1f52cb9067d9cb,gemini,Fe-Co-Ni-Mn-Zn,wet_chemical_synthesis,0.6642,0.0,0.3358,0.0,supported,0.6642,0.0,0.3358,0.0,supported,no,supported,supported,no
run_9a1f52cb9067d9cb,gemini,Fe-Co-Ni-Mn-Zn,alkaline_stability_corrosion,0.60170496,0.0,0.39829504000000004,0.0,supported,0.60170496,0.0,0.39829504000000004,0.0,supported,no,supported,supported,no
run_cb003639c449e5af,gpt,Fe-Co-Ni-Cu-Zn,uor_activity,0.8304166719741691,0.0,0.16958332802583082,0.0,supported,0.8304166719741691,0.0,0.16958332802583082,0.0,supported,no,flagged_insufficient,flagged_insufficient,no
run_cb003639c449e5af,gpt,Fe-Co-Ni-Cu-Zn,pba_structural_compatibility,0.9261223898600587,0.0013194984339561576,0.07255811170598515,0.02493050156604384,supported,0.9498014155375483,0.0013532352679223208,0.0488453491945295,0.02493050156604384,supported,no,flagged_insufficient,flagged_insufficient,no
run_cb003639c449e5af,gpt,Fe-Co-Ni-Cu-Zn,wet_chemical_synthesis,0.5560899230675487,0.0,0.4439100769324514,0.0,insufficient,0.5560899230675487,0.0,0.4439100769324514,0.0,insufficient,no,flagged_insufficient,flagged_insufficient,no
run_cb003639c449e5af,gpt,Fe-Co-Ni-Cu-Zn,alkaline_stability_corrosion,0.8167254179611279,0.004350285254375084,0.17892429678449706,0.02189971474562491,supported,0.8350119412844477,0.004447688360753011,0.16054037035479923,0.02189971474562491,supported,no,flagged_insufficient,flagged_insufficient,no
run_6e30d5d8c6193e21,gpt,Fe-Co-Ni-Cu-Zn,uor_activity,0.61245,0.0,0.38755,0.0,supported,0.61245,0.0,0.38755,0.0,supported,no,flagged_insufficient,flagged_insufficient,no
run_6e30d5d8c6193e21,gpt,Fe-Co-Ni-Cu-Zn,pba_structural_compatibility,0.5892828227130382,0.0,0.4107171772869618,0.0,insufficient,0.5892828227130382,0.0,0.4107171772869618,0.0,insufficient,no,flagged_insufficient,flagged_insufficient,no
run_6e30d5d8c6193e21,gpt,Fe-Co-Ni-Cu-Zn,wet_chemical_synthesis,0.1575,0.0,0.8425,0.0,insufficient,0.1575,0.0,0.8425,0.0,insufficient,no,flagged_insufficient,flagged_insufficient,no
run_6e30d5d8c6193e21,gpt,Fe-Co-Ni-Cu-Zn,alkaline_stability_corrosion,0.5125018667217072,0.0,0.4874981332782929,0.0,insufficient,0.5125018667217072,0.0,0.4874981332782929,0.0,insufficient,no,flagged_insufficient,flagged_insufficient,no
run_bcaadea5c838c750,gpt,Fe-Co-Ni-Mn-Zn,uor_activity,0.6020141946318014,0.0,0.39798580536819866,0.0,supported,0.6020141946318014,0.0,0.39798580536819866,0.0,supported,no,flagged_insufficient,flagged_insufficient,no
run_bcaadea5c838c750,gpt,Fe-Co-Ni-Mn-Zn,pba_structural_compatibility,0.8134384360727247,0.0,0.18656156392727527,0.0,supported,0.8134384360727247,0.0,0.18656156392727527,0.0,supported,no,flagged_insufficient,flagged_insufficient,no
run_bcaadea5c838c750,gpt,Fe-Co-Ni-Mn-Zn,wet_chemical_synthesis,0.5227262775,0.0,0.47727372250000005,0.0,insufficient,0.5227262775,0.0,0.47727372250000005,0.0,insufficient,no,flagged_insufficient,flagged_insufficient,no
run_bcaadea5c838c750,gpt,Fe-Co-Ni-Mn-Zn,alkaline_stability_corrosion,0.7283146199854419,0.019941078294280757,0.2517443017202773,0.07005892170571923,supported,0.7831836198927068,0.021443378252369645,0.19537300185492348,0.07005892170571923,supported,no,flagged_insufficient,flagged_insufficient,no
run_51a24a9a75df8a5a,gpt,Fe-Co-Ni-Mn-Zn,uor_activity,0.9571453821744611,0.0,0.042854617825538906,0.0,supported,0.9571453821744611,0.0,0.042854617825538906,0.0,supported,no,flagged_insufficient,flagged_insufficient,no
run_51a24a9a75df8a5a,gpt,Fe-Co-Ni-Mn-Zn,pba_structural_compatibility,0.6562448915640581,0.0,0.343755108435942,0.0,supported,0.6562448915640581,0.0,0.343755108435942,0.0,supported,no,flagged_insufficient,flagged_insufficient,no
run_51a24a9a75df8a5a,gpt,Fe-Co-Ni-Mn-Zn,wet_chemical_synthesis,0.37804123499110587,0.0,0.6219587650088942,0.0,insufficient,0.37804123499110587,0.0,0.6219587650088942,0.0,insufficient,no,flagged_insufficient,flagged_insufficient,no
run_51a24a9a75df8a5a,gpt,Fe-Co-Ni-Mn-Zn,alkaline_stability_corrosion,0.7005454390271918,0.0,0.2994545609728082,0.0,supported,0.7005454390271918,0.0,0.2994545609728082,0.0,supported,no,flagged_insufficient,flagged_insufficient,no
run_792c4b213139c5a4,gpt,Fe-Co-Ni-Mn-Zn,uor_activity,0.5736129419151368,0.0,0.4263870580848633,0.0,insufficient,0.5736129419151368,0.0,0.4263870580848633,0.0,insufficient,no,flagged_insufficient,flagged_insufficient,no
run_792c4b213139c5a4,gpt,Fe-Co-Ni-Mn-Zn,pba_structural_compatibility,0.6124399290239183,0.01693978372958646,0.3706202872464953,0.028060216270413538,supported,0.630121268082912,0.01742884077096226,0.35244989114612574,0.028060216270413538,supported,no,flagged_insufficient,flagged_insufficient,no
run_792c4b213139c5a4,gpt,Fe-Co-Ni-Mn-Zn,wet_chemical_synthesis,0.6327951819410156,0.0,0.3672048180589844,0.0,supported,0.6327951819410156,0.0,0.3672048180589844,0.0,supported,no,flagged_insufficient,flagged_insufficient,no
run_792c4b213139c5a4,gpt,Fe-Co-Ni-Mn-Zn,alkaline_stability_corrosion,0.2806159817100325,0.0,0.7193840182899675,0.0,insufficient,0.2806159817100325,0.0,0.7193840182899675,0.0,insufficient,no,flagged_insufficient,flagged_insufficient,no
run_c0e9ba95a285f559,gpt,Fe-Co-Ni-Mn-Zn,uor_activity,0.7118712642124794,0.0,0.2881287357875206,0.0,supported,0.7118712642124794,0.0,0.2881287357875206,0.0,supported,no,flagged_insufficient,flagged_insufficient,no
run_c0e9ba95a285f559,gpt,Fe-Co-Ni-Mn-Zn,pba_structural_compatibility,0.13999999999999999,0.0,0.86,0.0,insufficient,0.13999999999999999,0.0,0.86,0.0,insufficient,no,flagged_insufficient,flagged_insufficient,no
run_c0e9ba95a285f559,gpt,Fe-Co-Ni-Mn-Zn,wet_chemical_synthesis,0.28447999999999996,0.0,0.71552,0.0,insufficient,0.28447999999999996,0.0,0.71552,0.0,insufficient,no,flagged_insufficient,flagged_insufficient,no
run_c0e9ba95a285f559,gpt,Fe-Co-Ni-Mn-Zn,alkaline_stability_corrosion,0.2525121920558836,0.0,0.7474878079441164,0.0,insufficient,0.2525121920558836,0.0,0.7474878079441164,0.0,insufficient,no,flagged_insufficient,flagged_insufficient,no
run_1edd3c414c7f50b3,gpt,Fe-Co-Ni-Mn-Zn,uor_activity,0.6557544600204478,0.0,0.34424553997955226,0.0,supported,0.6557544600204478,0.0,0.34424553997955226,0.0,supported,no,flagged_insufficient,flagged_insufficient,no
run_1edd3c414c7f50b3,gpt,Fe-Co-Ni-Mn-Zn,pba_structural_compatibility,0.5268803835524668,0.021170750263889003,0.45194886618364416,0.023829249736110995,insufficient,0.5397420312071785,0.021687548267724573,0.4385704205250969,0.023829249736110995,insufficient,no,flagged_insufficient,flagged_insufficient,no
run_1edd3c414c7f50b3,gpt,Fe-Co-Ni-Mn-Zn,wet_chemical_synthesis,0.322788456358155,0.0,0.6772115436418451,0.0,insufficient,0.322788456358155,0.0,0.6772115436418451,0.0,insufficient,no,flagged_insufficient,flagged_insufficient,no
run_1edd3c414c7f50b3,gpt,Fe-Co-Ni-Mn-Zn,alkaline_stability_corrosion,0.5031476018836211,0.06955296544018076,0.4272994326761983,0.11044703455981923,insufficient,0.5656184863985548,0.07818867244826012,0.35619284115318506,0.11044703455981923,insufficient,no,flagged_insufficient,flagged_insufficient,no
run_052fbddb7e7b0390,gpt,Fe-Co-Ni-Mn-Zn,uor_activity,0.766144179916486,0.0157890534238003,0.21806676665971358,0.0742109465761997,supported,0.827558045845425,0.017054698762540364,0.1553872553920345,0.0742109465761997,supported,no,supported,supported,no
run_052fbddb7e7b0390,gpt,Fe-Co-Ni-Mn-Zn,pba_structural_compatibility,0.8010716621084218,0.007611840884748374,0.19131649700682984,0.03738815911525163,supported,0.8321855477823199,0.00790748727727288,0.15990696494040713,0.03738815911525163,supported,no,supported,supported,no
run_052fbddb7e7b0390,gpt,Fe-Co-Ni-Mn-Zn,wet_chemical_synthesis,0.6308715519999999,0.0,0.36912844800000005,0.0,supported,0.6308715519999999,0.0,0.36912844800000005,0.0,supported,no,supported,supported,no
run_052fbddb7e7b0390,gpt,Fe-Co-Ni-Mn-Zn,alkaline_stability_corrosion,0.6936192,0.0,0.3063808,0.0,supported,0.6936192,0.0,0.3063808,0.0,supported,no,supported,supported,no
run_dbdf123b0d47f240,gpt,Fe-Co-Ni-Mn-Zn,uor_activity,0.23740862499999998,0.0,0.7625913750000001,0.0,insufficient,0.23740862499999998,0.0,0.7625913750000001,0.0,insufficient,no,flagged_insufficient,flagged_insufficient,no
run_dbdf123b0d47f240,gpt,Fe-Co-Ni-Mn-Zn,pba_structural_compatibility,0.5862654983029316,0.0,0.4137345016970685,0.0,insufficient,0.5862654983029316,0.0,0.4137345016970685,0.0,insufficient,no,flagged_insufficient,flagged_insufficient,no
run_dbdf123b0d47f240,gpt,Fe-Co-Ni-Mn-Zn,wet_chemical_synthesis,0.61068484,0.0,0.3893151600000001,0.0,supported,0.61068484,0.0,0.3893151600000001,0.0,supported,no,flagged_insufficient,flagged_insufficient,no
run_dbdf123b0d47f240,gpt,Fe-Co-Ni-Mn-Zn,alkaline_stability_corrosion,0.5828892977298029,0.0,0.41711070227019714,0.0,insufficient,0.5828892977298029,0.0,0.41711070227019714,0.0,insufficient,no,flagged_insufficient,flagged_insufficient,no
run_2360feb965109230,gpt,Fe-Ni-Mn-Cu-Zn,uor_activity,0.3070040668137234,0.0,0.6929959331862766,0.0,insufficient,0.3070040668137234,0.0,0.6929959331862766,0.0,insufficient,no,flagged_insufficient,flagged_insufficient,no
run_2360feb965109230,gpt,Fe-Ni-Mn-Cu-Zn,pba_structural_compatibility,0.3128780435243719,0.0,0.6871219564756282,0.0,insufficient,0.3128780435243719,0.0,0.6871219564756282,0.0,insufficient,no,flagged_insufficient,flagged_insufficient,no
run_2360feb965109230,gpt,Fe-Ni-Mn-Cu-Zn,wet_chemical_synthesis,0.4112891243042271,0.0,0.5887108756957729,0.0,insufficient,0.4112891243042271,0.0,0.5887108756957729,0.0,insufficient,no,flagged_insufficient,flagged_insufficient,no
run_2360feb965109230,gpt,Fe-Ni-Mn-Cu-Zn,alkaline_stability_corrosion,0.47144464886490145,0.0,0.5285553511350986,0.0,insufficient,0.47144464886490145,0.0,0.5285553511350986,0.0,insufficient,no,flagged_insufficient,flagged_insufficient,no
run_cea84eca5af08e21,qwen,Co-Ni-Mn-Cu-Zn,uor_activity,0.6,0.0,0.4,0.0,supported,0.6,0.0,0.4,0.0,supported,no,flagged_insufficient,flagged_insufficient,no
run_cea84eca5af08e21,qwen,Co-Ni-Mn-Cu-Zn,pba_structural_compatibility,0.6,0.0,0.4,0.0,supported,0.6,0.0,0.4,0.0,supported,no,flagged_insufficient,flagged_insufficient,no
run_cea84eca5af08e21,qwen,Co-Ni-Mn-Cu-Zn,wet_chemical_synthesis,0.09,0.0,0.91,0.0,insufficient,0.09,0.0,0.91,0.0,insufficient,no,flagged_insufficient,flagged_insufficient,no
run_cea84eca5af08e21,qwen,Co-Ni-Mn-Cu-Zn,alkaline_stability_corrosion,0.16799999999999998,0.0,0.8320000000000001,0.0,insufficient,0.16799999999999998,0.0,0.8320000000000001,0.0,insufficient,no,flagged_insufficient,flagged_insufficient,no
run_1eccf111e49d796b,qwen,Fe-Co-Ni-Mn-Zn,uor_activity,0.718722185212602,0.0,0.28127781478739805,0.0,supported,0.718722185212602,0.0,0.28127781478739805,0.0,supported,no,flagged_insufficient,flagged_insufficient,no
run_1eccf111e49d796b,qwen,Fe-Co-Ni-Mn-Zn,pba_structural_compatibility,0.3659695666907469,0.0,0.6340304333092531,0.0,insufficient,0.3659695666907469,0.0,0.6340304333092531,0.0,insufficient,no,flagged_insufficient,flagged_insufficient,no
run_1eccf111e49d796b,qwen,Fe-Co-Ni-Mn-Zn,wet_chemical_synthesis,0.3659695666907469,0.0,0.6340304333092531,0.0,insufficient,0.3659695666907469,0.0,0.6340304333092531,0.0,insufficient,no,flagged_insufficient,flagged_insufficient,no
run_1eccf111e49d796b,qwen,Fe-Co-Ni-Mn-Zn,alkaline_stability_corrosion,0.252,0.0,0.748,0.0,insufficient,0.252,0.0,0.748,0.0,insufficient,no,flagged_insufficient,flagged_insufficient,no
run_bb3c2ac72325b1b4,qwen,Fe-Co-Ni-Mn-Zn,uor_activity,0.2820677651721556,0.0,0.7179322348278444,0.0,insufficient,0.2820677651721556,0.0,0.7179322348278444,0.0,insufficient,no,flagged_insufficient,flagged_insufficient,no
run_bb3c2ac72325b1b4,qwen,Fe-Co-Ni-Mn-Zn,pba_structural_compatibility,0.5633664,0.0,0.43663360000000007,0.0,insufficient,0.5633664,0.0,0.43663360000000007,0.0,insufficient,no,flagged_insufficient,flagged_insufficient,no
run_bb3c2ac72325b1b4,qwen,Fe-Co-Ni-Mn-Zn,wet_chemical_synthesis,0.16799999999999998,0.0,0.8320000000000001,0.0,insufficient,0.16799999999999998,0.0,0.8320000000000001,0.0,insufficient,no,flagged_insufficient,flagged_insufficient,no
run_bb3c2ac72325b1b4,qwen,Fe-Co-Ni-Mn-Zn,alkaline_stability_corrosion,0.633408,0.0,0.366592,0.0,supported,0.633408,0.0,0.366592,0.0,supported,no,flagged_insufficient,flagged_insufficient,no
run_7fc47d306302f222,qwen,Fe-Co-Ni-Mn-Zn,uor_activity,0.15236573086998245,0.0,0.8476342691300176,0.0,insufficient,0.15236573086998245,0.0,0.8476342691300176,0.0,insufficient,no,flagged_insufficient,flagged_insufficient,no
run_7fc47d306302f222,qwen,Fe-Co-Ni-Mn-Zn,pba_structural_compatibility,0.4037734922817705,0.0,0.5962265077182295,0.0,insufficient,0.4037734922817705,0.0,0.5962265077182295,0.0,insufficient,no,flagged_insufficient,flagged_insufficient,no
run_7fc47d306302f222,qwen,Fe-Co-Ni-Mn-Zn,wet_chemical_synthesis,0.10598997315894126,0.0,0.8940100268410588,0.0,insufficient,0.10598997315894126,0.0,0.8940100268410588,0.0,insufficient,no,flagged_insufficient,flagged_insufficient,no
run_7fc47d306302f222,qwen,Fe-Co-Ni-Mn-Zn,alkaline_stability_corrosion,0.5554789216258207,0.0,0.4445210783741794,0.0,insufficient,0.5554789216258207,0.0,0.4445210783741794,0.0,insufficient,no,flagged_insufficient,flagged_insufficient,no
run_b0e9fdfad699414b,qwen,Fe-Co-Ni-Mn-Zn,uor_activity,0.0,0.0,1.0,0.0,insufficient,0.0,0.0,1.0,0.0,insufficient,no,flagged_insufficient,flagged_insufficient,no
run_b0e9fdfad699414b,qwen,Fe-Co-Ni-Mn-Zn,pba_structural_compatibility,0.08706613192570425,0.0,0.9129338680742958,0.0,insufficient,0.08706613192570425,0.0,0.9129338680742958,0.0,insufficient,no,flagged_insufficient,flagged_insufficient,no
run_b0e9fdfad699414b,qwen,Fe-Co-Ni-Mn-Zn,wet_chemical_synthesis,0.07255510993808688,0.0,0.9274448900619131,0.0,insufficient,0.07255510993808688,0.0,0.9274448900619131,0.0,insufficient,no,flagged_insufficient,flagged_insufficient,no
run_b0e9fdfad699414b,qwen,Fe-Co-Ni-Mn-Zn,alkaline_stability_corrosion,0.348264527702817,0.0,0.651735472297183,0.0,insufficient,0.348264527702817,0.0,0.651735472297183,0.0,insufficient,no,flagged_insufficient,flagged_insufficient,no
run_cc37fae04a772d72,qwen,Fe-Co-Ni-Mn-Zn,uor_activity,0.09,0.0,0.91,0.0,insufficient,0.09,0.0,0.91,0.0,insufficient,no,flagged_insufficient,flagged_insufficient,no
run_cc37fae04a772d72,qwen,Fe-Co-Ni-Mn-Zn,pba_structural_compatibility,0.2947682880838254,0.0,0.7052317119161747,0.0,insufficient,0.2947682880838254,0.0,0.7052317119161747,0.0,insufficient,no,flagged_insufficient,flagged_insufficient,no
run_cc37fae04a772d72,qwen,Fe-Co-Ni-Mn-Zn,wet_chemical_synthesis,0.2611983957771128,0.0,0.7388016042228872,0.0,insufficient,0.2611983957771128,0.0,0.7388016042228872,0.0,insufficient,no,flagged_insufficient,flagged_insufficient,no
run_cc37fae04a772d72,qwen,Fe-Co-Ni-Mn-Zn,alkaline_stability_corrosion,0.36,0.0,0.64,0.0,insufficient,0.36,0.0,0.64,0.0,insufficient,no,flagged_insufficient,flagged_insufficient,no
run_b6e86c2e9b7b3255,qwen,Fe-Co-Ni-Mn-Zn,uor_activity,0.8453785070744365,0.0,0.15462149292556351,0.0,supported,0.8453785070744365,0.0,0.15462149292556351,0.0,supported,no,flagged_insufficient,flagged_insufficient,no
run_b6e86c2e9b7b3255,qwen,Fe-Co-Ni-Mn-Zn,pba_structural_compatibility,0.8228284227208511,0.0,0.17717157727914878,0.0,supported,0.8228284227208511,0.0,0.17717157727914878,0.0,supported,no,flagged_insufficient,flagged_insufficient,no
run_b6e86c2e9b7b3255,qwen,Fe-Co-Ni-Mn-Zn,wet_chemical_synthesis,0.1625234462613146,0.0,0.8374765537386855,0.0,insufficient,0.1625234462613146,0.0,0.8374765537386855,0.0,insufficient,no,flagged_insufficient,flagged_insufficient,no
run_b6e86c2e9b7b3255,qwen,Fe-Co-Ni-Mn-Zn,alkaline_stability_corrosion,0.7557674862413857,0.0,0.24423251375861438,0.0,supported,0.7557674862413857,0.0,0.24423251375861438,0.0,supported,no,flagged_insufficient,flagged_insufficient,no
run_be36c9c685335d71,qwen,Fe-Co-Ni-Cu-Zn,uor_activity,0.47702255356875384,0.0,0.5229774464312462,0.0,insufficient,0.47702255356875384,0.0,0.5229774464312462,0.0,insufficient,no,flagged_insufficient,flagged_insufficient,no
run_be36c9c685335d71,qwen,Fe-Co-Ni-Cu-Zn,pba_structural_compatibility,0.38267393625451945,0.0,0.6173260637454806,0.0,insufficient,0.38267393625451945,0.0,0.6173260637454806,0.0,insufficient,no,flagged_insufficient,flagged_insufficient,no
run_be36c9c685335d71,qwen,Fe-Co-Ni-Cu-Zn,wet_chemical_synthesis,0.0,0.0,1.0,0.0,insufficient,0.0,0.0,1.0,0.0,insufficient,no,flagged_insufficient,flagged_insufficient,no
run_be36c9c685335d71,qwen,Fe-Co-Ni-Cu-Zn,alkaline_stability_corrosion,0.5634831887288323,0.0,0.43651681127116776,0.0,insufficient,0.5634831887288323,0.0,0.43651681127116776,0.0,insufficient,no,flagged_insufficient,flagged_insufficient,no
run_797f4ba4319fe372,qwen,Fe-Co-Ni-Mn-Cu,uor_activity,0.1719,0.0,0.8281000000000001,0.0,insufficient,0.1719,0.0,0.8281000000000001,0.0,insufficient,no,flagged_insufficient,flagged_insufficient,no
run_797f4ba4319fe372,qwen,Fe-Co-Ni-Mn-Cu,pba_structural_compatibility,0.46752,0.0,0.5324800000000001,0.0,insufficient,0.46752,0.0,0.5324800000000001,0.0,insufficient,no,flagged_insufficient,flagged_insufficient,no
run_797f4ba4319fe372,qwen,Fe-Co-Ni-Mn-Cu,wet_chemical_synthesis,0.21,0.0,0.79,0.0,insufficient,0.21,0.0,0.79,0.0,insufficient,no,flagged_insufficient,flagged_insufficient,no
run_797f4ba4319fe372,qwen,Fe-Co-Ni-Mn-Cu,alkaline_stability_corrosion,0.5904,0.0,0.4096,0.0,insufficient,0.5904,0.0,0.4096,0.0,insufficient,no,flagged_insufficient,flagged_insufficient,no
run_353c84909b3aca98,qwen,Fe-Co-Ni-Mn-Cu,uor_activity,0.7482412689530159,0.0,0.2517587310469841,0.0,supported,0.7482412689530159,0.0,0.2517587310469841,0.0,supported,no,flagged_insufficient,flagged_insufficient,no
run_353c84909b3aca98,qwen,Fe-Co-Ni-Mn-Cu,pba_structural_compatibility,0.45775608704874376,0.0,0.5422439129512563,0.0,insufficient,0.45775608704874376,0.0,0.5422439129512563,0.0,insufficient,no,flagged_insufficient,flagged_insufficient,no
run_353c84909b3aca98,qwen,Fe-Co-Ni-Mn-Cu,wet_chemical_synthesis,0.0,0.0,1.0,0.0,insufficient,0.0,0.0,1.0,0.0,insufficient,no,flagged_insufficient,flagged_insufficient,no
run_353c84909b3aca98,qwen,Fe-Co-Ni-Mn-Cu,alkaline_stability_corrosion,0.4250093785045258,0.0,0.5749906214954742,0.0,insufficient,0.4250093785045258,0.0,0.5749906214954742,0.0,insufficient,no,flagged_insufficient,flagged_insufficient,no
